,Season,Age,Tm,Lg,Pos,G,GS,MP,FG,FGA,FG%,3P,3PA,3P%,2P,2PA,2P%,eFG%,FT,FTA,FT%,ORB,DRB,TRB,AST,STL,BLK,TOV,PF,PTS,Player
0,2016-17,20.0,BOS,NBA,SF,78.0,20.0,1341.0,192.0,423.0,0.45399999999999996,46.0,135.0,0.341,146.0,288.0,0.507,0.508,85.0,124.0,0.685,45.0,175.0,220.0,64.0,35.0,18.0,68.0,142.0,515.0,Giannis Antetokounmpo
1,2017-18,21.0,BOS,NBA,SG,70.0,70.0,2152.0,373.0,803.0,0.465,121.0,306.0,0.395,252.0,497.0,0.507,0.54,150.0,233.0,0.644,66.0,280.0,346.0,114.0,70.0,26.0,124.0,181.0,1017.0,Giannis Antetokounmpo
2,2018-19,22.0,BOS,NBA,SG,74.0,25.0,1913.0,368.0,792.0,0.465,95.0,276.0,0.344,273.0,516.0,0.529,0.525,133.0,202.0,0.6579999999999999,65.0,248.0,313.0,100.0,69.0,32.0,99.0,186.0,964.0,Giannis Antetokounmpo
3,2019-20,23.0,BOS,NBA,SG,3.0,3.0,86.0,20.0,40.0,0.5,4.0,14.0,0.28600000000000003,16.0,26.0,0.615,0.55,8.0,12.0,0.667,1.0,19.0,20.0,6.0,2.0,3.0,4.0,11.0,52.0,Giannis Antetokounmpo
4,Career,,,NBA,,225.0,118.0,5492.0,953.0,2058.0,0.46299999999999997,266.0,731.0,0.364,687.0,1327.0,0.518,0.528,376.0,571.0,0.6579999999999999,177.0,722.0,899.0,284.0,176.0,79.0,295.0,520.0,2548.0,Giannis Antetokounmpo
5,2013-14,19.0,MIL,NBA,SF,77.0,23.0,1897.0,173.0,418.0,0.414,41.0,118.0,0.34700000000000003,132.0,300.0,0.44,0.46299999999999997,138.0,202.0,0.6829999999999999,78.0,261.0,339.0,150.0,60.0,61.0,122.0,173.0,525.0,James Harden
6,2014-15,20.0,MIL,NBA,SG,81.0,71.0,2541.0,383.0,780.0,0.491,7.0,44.0,0.159,376.0,736.0,0.511,0.496,257.0,347.0,0.741,100.0,442.0,542.0,207.0,73.0,85.0,173.0,254.0,1030.0,James Harden
7,2015-16,21.0,MIL,NBA,PG,80.0,79.0,2823.0,513.0,1013.0,0.506,28.0,109.0,0.257,485.0,904.0,0.537,0.52,296.0,409.0,0.7240000000000001,113.0,499.0,612.0,345.0,94.0,113.0,208.0,258.0,1350.0,James Harden
8,2016-17,22.0,MIL,NBA,SF,80.0,80.0,2845.0,656.0,1259.0,0.521,49.0,180.0,0.272,607.0,1079.0,0.563,0.541,471.0,612.0,0.77,142.0,558.0,700.0,434.0,131.0,151.0,234.0,246.0,1832.0,James Harden
9,2017-18,23.0,MIL,NBA,PF,75.0,75.0,2756.0,742.0,1402.0,0.529,43.0,140.0,0.307,699.0,1262.0,0.5539999999999999,0.545,487.0,641.0,0.76,156.0,597.0,753.0,361.0,109.0,106.0,223.0,231.0,2014.0,James Harden
10,2018-19,24.0,MIL,NBA,PF,72.0,72.0,2358.0,721.0,1247.0,0.578,52.0,203.0,0.256,669.0,1044.0,0.6409999999999999,0.599,500.0,686.0,0.7290000000000001,159.0,739.0,898.0,424.0,92.0,110.0,268.0,232.0,1994.0,James Harden
11,2019-20,25.0,MIL,NBA,PF,7.0,7.0,222.0,74.0,121.0,0.612,4.0,23.0,0.174,70.0,98.0,0.7140000000000001,0.628,42.0,70.0,0.6,13.0,85.0,98.0,52.0,8.0,11.0,29.0,29.0,194.0,James Harden
12,Career,,,NBA,,472.0,407.0,15442.0,3262.0,6240.0,0.523,224.0,817.0,0.27399999999999997,3038.0,5423.0,0.56,0.541,2191.0,2967.0,0.738,761.0,3181.0,3942.0,1973.0,567.0,637.0,1257.0,1423.0,8939.0,James Harden
13,2009-10,20.0,OKC,NBA,SG,76.0,0.0,1738.0,233.0,578.0,0.40299999999999997,93.0,248.0,0.375,140.0,330.0,0.424,0.484,194.0,240.0,0.8079999999999999,47.0,197.0,244.0,137.0,80.0,20.0,106.0,200.0,753.0,Russell Westbrook
14,2010-11,21.0,OKC,NBA,SG,82.0,5.0,2189.0,298.0,684.0,0.436,113.0,324.0,0.349,185.0,360.0,0.514,0.518,289.0,343.0,0.843,42.0,213.0,255.0,176.0,92.0,24.0,106.0,207.0,998.0,Russell Westbrook
15,2011-12,22.0,OKC,NBA,SG,62.0,2.0,1946.0,309.0,629.0,0.491,114.0,292.0,0.39,195.0,337.0,0.579,0.5820000000000001,312.0,369.0,0.846,30.0,222.0,252.0,229.0,62.0,15.0,137.0,150.0,1044.0,Russell Westbrook
16,2012-13,23.0,HOU,NBA,SG,78.0,78.0,2985.0,585.0,1337.0,0.43799999999999994,179.0,486.0,0.368,406.0,851.0,0.47700000000000004,0.504,674.0,792.0,0.851,62.0,317.0,379.0,455.0,142.0,38.0,295.0,178.0,2023.0,Russell Westbrook
17,2013-14,24.0,HOU,NBA,SG,73.0,73.0,2777.0,549.0,1205.0,0.456,177.0,483.0,0.366,372.0,722.0,0.515,0.529,576.0,665.0,0.866,61.0,283.0,344.0,446.0,115.0,29.0,265.0,177.0,1851.0,Russell Westbrook
18,2014-15,25.0,HOU,NBA,SG,81.0,81.0,2981.0,647.0,1470.0,0.44,208.0,555.0,0.375,439.0,915.0,0.48,0.511,715.0,824.0,0.868,75.0,384.0,459.0,565.0,154.0,60.0,321.0,208.0,2217.0,Russell Westbrook
19,2015-16,26.0,HOU,NBA,SG,82.0,82.0,3125.0,710.0,1617.0,0.439,236.0,657.0,0.359,474.0,960.0,0.494,0.512,720.0,837.0,0.86,63.0,438.0,501.0,612.0,139.0,51.0,374.0,229.0,2376.0,Russell Westbrook
20,2016-17,27.0,HOU,NBA,PG,81.0,81.0,2947.0,674.0,1533.0,0.44,262.0,756.0,0.34700000000000003,412.0,777.0,0.53,0.525,746.0,881.0,0.847,95.0,564.0,659.0,907.0,121.0,38.0,464.0,215.0,2356.0,Russell Westbrook
21,2017-18,28.0,HOU,NBA,SG,72.0,72.0,2551.0,651.0,1449.0,0.449,265.0,722.0,0.36700000000000005,386.0,727.0,0.531,0.541,624.0,727.0,0.858,41.0,348.0,389.0,630.0,126.0,50.0,315.0,169.0,2191.0,Russell Westbrook
22,2018-19,29.0,HOU,NBA,PG,78.0,78.0,2867.0,843.0,1909.0,0.442,378.0,1028.0,0.368,465.0,881.0,0.528,0.541,754.0,858.0,0.879,66.0,452.0,518.0,586.0,158.0,58.0,387.0,244.0,2818.0,Russell Westbrook
23,2019-20,30.0,HOU,NBA,SG,7.0,7.0,247.0,64.0,168.0,0.381,24.0,95.0,0.253,40.0,73.0,0.5479999999999999,0.452,104.0,113.0,0.92,10.0,26.0,36.0,52.0,7.0,3.0,40.0,25.0,256.0,Russell Westbrook
24,Career,,,NBA,,772.0,559.0,26353.0,5563.0,12579.0,0.442,2049.0,5646.0,0.363,3514.0,6933.0,0.507,0.524,5708.0,6649.0,0.858,592.0,3444.0,4036.0,4795.0,1196.0,386.0,2810.0,2002.0,18883.0,Russell Westbrook
25,,,,,,,,,,,,,,,,,,,,,,,,,,,,,,,Russell Westbrook
26,8 seasons,,HOU,NBA,,552.0,552.0,20480.0,4723.0,10688.0,0.442,1729.0,4782.0,0.36200000000000004,2994.0,5906.0,0.507,0.523,4913.0,5697.0,0.862,473.0,2812.0,3285.0,4253.0,962.0,327.0,2461.0,1445.0,16088.0,Russell Westbrook
27,3 seasons,,OKC,NBA,,220.0,7.0,5873.0,840.0,1891.0,0.444,320.0,864.0,0.37,520.0,1027.0,0.506,0.529,795.0,952.0,0.835,119.0,632.0,751.0,542.0,234.0,59.0,349.0,557.0,2795.0,Russell Westbrook
28,2008-09,20.0,OKC,NBA,PG,82.0,65.0,2668.0,436.0,1095.0,0.39799999999999996,35.0,129.0,0.271,401.0,966.0,0.415,0.414,349.0,428.0,0.815,178.0,221.0,399.0,435.0,110.0,16.0,274.0,191.0,1256.0,Stephen Curry
29,2009-10,21.0,OKC,NBA,PG,82.0,82.0,2813.0,485.0,1160.0,0.418,23.0,104.0,0.221,462.0,1056.0,0.43799999999999994,0.428,329.0,422.0,0.78,143.0,258.0,401.0,652.0,108.0,34.0,268.0,204.0,1322.0,Stephen Curry
30,2010-11,22.0,OKC,NBA,PG,82.0,82.0,2847.0,614.0,1390.0,0.442,34.0,103.0,0.33,580.0,1287.0,0.451,0.45399999999999996,531.0,631.0,0.8420000000000001,121.0,258.0,379.0,670.0,155.0,30.0,316.0,207.0,1793.0,Stephen Curry
31,2011-12,23.0,OKC,NBA,PG,66.0,66.0,2331.0,578.0,1266.0,0.457,62.0,196.0,0.316,516.0,1070.0,0.48200000000000004,0.48100000000000004,340.0,413.0,0.823,96.0,205.0,301.0,362.0,112.0,21.0,239.0,147.0,1558.0,Stephen Curry
32,2012-13,24.0,OKC,NBA,PG,82.0,82.0,2861.0,673.0,1535.0,0.43799999999999994,97.0,300.0,0.32299999999999995,576.0,1235.0,0.466,0.47,460.0,575.0,0.8,111.0,317.0,428.0,607.0,145.0,24.0,273.0,189.0,1903.0,Stephen Curry
33,2013-14,25.0,OKC,NBA,PG,46.0,46.0,1412.0,346.0,791.0,0.43700000000000006,68.0,214.0,0.318,278.0,577.0,0.48200000000000004,0.48,242.0,293.0,0.826,55.0,208.0,263.0,319.0,88.0,7.0,177.0,104.0,1002.0,Stephen Curry
34,2014-15,26.0,OKC,NBA,PG,67.0,67.0,2302.0,627.0,1471.0,0.426,86.0,288.0,0.299,541.0,1183.0,0.457,0.455,546.0,654.0,0.835,124.0,364.0,488.0,574.0,140.0,14.0,293.0,184.0,1886.0,Stephen Curry
35,2015-16,27.0,OKC,NBA,PG,80.0,80.0,2750.0,656.0,1444.0,0.45399999999999996,101.0,341.0,0.29600000000000004,555.0,1103.0,0.503,0.489,465.0,573.0,0.812,145.0,481.0,626.0,834.0,163.0,20.0,342.0,200.0,1878.0,Stephen Curry
36,2016-17,28.0,OKC,NBA,PG,81.0,81.0,2802.0,824.0,1941.0,0.425,200.0,583.0,0.34299999999999997,624.0,1358.0,0.45899999999999996,0.47600000000000003,710.0,840.0,0.845,137.0,727.0,864.0,840.0,132.0,31.0,438.0,190.0,2558.0,Stephen Curry
37,2017-18,29.0,OKC,NBA,PG,80.0,80.0,2914.0,757.0,1687.0,0.449,97.0,326.0,0.298,660.0,1361.0,0.485,0.47700000000000004,417.0,566.0,0.737,152.0,652.0,804.0,820.0,147.0,20.0,381.0,200.0,2028.0,Stephen Curry
38,2018-19,30.0,OKC,NBA,PG,73.0,73.0,2630.0,630.0,1473.0,0.428,119.0,411.0,0.29,511.0,1062.0,0.48100000000000004,0.46799999999999997,296.0,451.0,0.6559999999999999,109.0,698.0,807.0,784.0,142.0,33.0,325.0,245.0,1675.0,Stephen Curry
39,2019-20,31.0,HOU,NBA,PG,6.0,6.0,199.0,47.0,102.0,0.461,7.0,28.0,0.25,40.0,74.0,0.541,0.495,26.0,39.0,0.667,13.0,46.0,59.0,55.0,11.0,4.0,25.0,17.0,127.0,Stephen Curry
40,Career,,,NBA,,827.0,810.0,28529.0,6673.0,15355.0,0.435,929.0,3023.0,0.307,5744.0,12332.0,0.466,0.465,4711.0,5885.0,0.8009999999999999,1384.0,4435.0,5819.0,6952.0,1453.0,254.0,3351.0,2078.0,18986.0,Stephen Curry
41,,,,,,,,,,,,,,,,,,,,,,,,,,,,,,,Stephen Curry
42,11 seasons,,OKC,NBA,,821.0,804.0,28330.0,6626.0,15253.0,0.434,922.0,2995.0,0.308,5704.0,12258.0,0.465,0.465,4685.0,5846.0,0.8009999999999999,1371.0,4389.0,5760.0,6897.0,1442.0,250.0,3326.0,2061.0,18859.0,Stephen Curry
43,1 season,,HOU,NBA,,6.0,6.0,199.0,47.0,102.0,0.461,7.0,28.0,0.25,40.0,74.0,0.541,0.495,26.0,39.0,0.667,13.0,46.0,59.0,55.0,11.0,4.0,25.0,17.0,127.0,Stephen Curry
44,2009-10,21.0,GSW,NBA,PG,80.0,77.0,2896.0,528.0,1143.0,0.462,166.0,380.0,0.43700000000000006,362.0,763.0,0.474,0.535,177.0,200.0,0.885,48.0,308.0,356.0,472.0,152.0,19.0,243.0,252.0,1399.0,Kevin Durant
45,2010-11,22.0,GSW,NBA,PG,74.0,74.0,2489.0,505.0,1053.0,0.48,151.0,342.0,0.442,354.0,711.0,0.498,0.551,212.0,227.0,0.934,52.0,234.0,286.0,432.0,109.0,20.0,226.0,233.0,1373.0,Kevin Durant
46,2011-12,23.0,GSW,NBA,PG,26.0,23.0,732.0,145.0,296.0,0.49,55.0,121.0,0.455,90.0,175.0,0.514,0.583,38.0,47.0,0.809,15.0,73.0,88.0,138.0,39.0,8.0,65.0,62.0,383.0,Kevin Durant
47,2012-13,24.0,GSW,NBA,PG,78.0,78.0,2983.0,626.0,1388.0,0.451,272.0,600.0,0.45299999999999996,354.0,788.0,0.449,0.5489999999999999,262.0,291.0,0.9,59.0,255.0,314.0,539.0,126.0,12.0,240.0,198.0,1786.0,Kevin Durant
48,2013-14,25.0,GSW,NBA,PG,78.0,78.0,2846.0,652.0,1383.0,0.47100000000000003,261.0,615.0,0.424,391.0,768.0,0.509,0.5660000000000001,308.0,348.0,0.885,46.0,288.0,334.0,666.0,128.0,14.0,294.0,194.0,1873.0,Kevin Durant
49,2014-15,26.0,GSW,NBA,PG,80.0,80.0,2613.0,653.0,1341.0,0.48700000000000004,286.0,646.0,0.44299999999999995,367.0,695.0,0.528,0.594,308.0,337.0,0.914,56.0,285.0,341.0,619.0,163.0,16.0,249.0,158.0,1900.0,Kevin Durant
50,2015-16,27.0,GSW,NBA,PG,79.0,79.0,2700.0,805.0,1598.0,0.504,402.0,886.0,0.45399999999999996,403.0,712.0,0.5660000000000001,0.63,363.0,400.0,0.9079999999999999,68.0,362.0,430.0,527.0,169.0,15.0,262.0,161.0,2375.0,Kevin Durant
51,2016-17,28.0,GSW,NBA,PG,79.0,79.0,2638.0,675.0,1443.0,0.46799999999999997,324.0,789.0,0.41100000000000003,351.0,654.0,0.537,0.58,325.0,362.0,0.898,61.0,292.0,353.0,524.0,142.0,17.0,239.0,183.0,1999.0,Kevin Durant
52,2017-18,29.0,GSW,NBA,PG,51.0,51.0,1631.0,428.0,864.0,0.495,212.0,501.0,0.423,216.0,363.0,0.595,0.618,278.0,302.0,0.9209999999999999,36.0,225.0,261.0,310.0,80.0,8.0,153.0,114.0,1346.0,Kevin Durant
53,2018-19,30.0,GSW,NBA,PG,69.0,69.0,2331.0,632.0,1340.0,0.47200000000000003,354.0,810.0,0.43700000000000006,278.0,530.0,0.525,0.604,263.0,287.0,0.9159999999999999,45.0,324.0,369.0,361.0,92.0,25.0,192.0,166.0,1881.0,Kevin Durant
54,2019-20,31.0,GSW,NBA,PG,4.0,4.0,112.0,27.0,66.0,0.409,9.0,37.0,0.243,18.0,29.0,0.621,0.47700000000000004,18.0,18.0,1.0,4.0,16.0,20.0,26.0,5.0,2.0,15.0,10.0,81.0,Kevin Durant
55,Career,,,NBA,,698.0,692.0,23971.0,5676.0,11915.0,0.47600000000000003,2492.0,5727.0,0.435,3184.0,6188.0,0.515,0.581,2552.0,2819.0,0.905,490.0,2662.0,3152.0,4614.0,1205.0,156.0,2178.0,1731.0,16396.0,Kevin Durant
56,2007-08,19.0,SEA,NBA,SG,80.0,80.0,2768.0,587.0,1366.0,0.43,59.0,205.0,0.28800000000000003,528.0,1161.0,0.455,0.451,391.0,448.0,0.873,70.0,278.0,348.0,192.0,78.0,75.0,232.0,122.0,1624.0,LeBron James
57,2008-09,20.0,OKC,NBA,SF,74.0,74.0,2885.0,661.0,1390.0,0.47600000000000003,97.0,230.0,0.42200000000000004,564.0,1160.0,0.486,0.51,452.0,524.0,0.863,77.0,405.0,482.0,205.0,96.0,53.0,225.0,134.0,1871.0,LeBron James
58,2009-10,21.0,OKC,NBA,SF,82.0,82.0,3239.0,794.0,1668.0,0.47600000000000003,128.0,351.0,0.365,666.0,1317.0,0.506,0.514,756.0,840.0,0.9,105.0,518.0,623.0,231.0,112.0,84.0,271.0,171.0,2472.0,LeBron James
59,2010-11,22.0,OKC,NBA,SF,78.0,78.0,3038.0,711.0,1538.0,0.462,145.0,414.0,0.35,566.0,1124.0,0.504,0.509,594.0,675.0,0.88,57.0,476.0,533.0,214.0,88.0,76.0,218.0,159.0,2161.0,LeBron James
60,2011-12,23.0,OKC,NBA,SF,66.0,66.0,2546.0,643.0,1297.0,0.496,133.0,344.0,0.387,510.0,953.0,0.535,0.547,431.0,501.0,0.86,40.0,487.0,527.0,231.0,88.0,77.0,248.0,133.0,1850.0,LeBron James
61,2012-13,24.0,OKC,NBA,SF,81.0,81.0,3119.0,731.0,1433.0,0.51,139.0,334.0,0.41600000000000004,592.0,1099.0,0.539,0.5589999999999999,679.0,750.0,0.905,46.0,594.0,640.0,374.0,116.0,105.0,280.0,143.0,2280.0,LeBron James
62,2013-14,25.0,OKC,NBA,SF,81.0,81.0,3122.0,849.0,1688.0,0.503,192.0,491.0,0.391,657.0,1197.0,0.5489999999999999,0.56,703.0,805.0,0.873,58.0,540.0,598.0,445.0,103.0,59.0,285.0,174.0,2593.0,LeBron James
63,2014-15,26.0,OKC,NBA,SF,27.0,27.0,913.0,238.0,467.0,0.51,64.0,159.0,0.40299999999999997,174.0,308.0,0.565,0.578,146.0,171.0,0.8540000000000001,16.0,162.0,178.0,110.0,24.0,25.0,74.0,40.0,686.0,LeBron James
64,2015-16,27.0,OKC,NBA,SF,72.0,72.0,2578.0,698.0,1381.0,0.505,186.0,481.0,0.387,512.0,900.0,0.569,0.573,447.0,498.0,0.898,45.0,544.0,589.0,361.0,69.0,85.0,250.0,137.0,2029.0,LeBron James
65,2016-17,28.0,GSW,NBA,PF,62.0,62.0,2070.0,551.0,1026.0,0.537,117.0,312.0,0.375,434.0,714.0,0.608,0.594,336.0,384.0,0.875,39.0,474.0,513.0,300.0,66.0,99.0,138.0,117.0,1555.0,LeBron James
66,2017-18,29.0,GSW,NBA,SF,68.0,68.0,2325.0,630.0,1222.0,0.516,173.0,413.0,0.419,457.0,809.0,0.565,0.586,359.0,404.0,0.889,31.0,433.0,464.0,366.0,50.0,119.0,207.0,133.0,1792.0,LeBron James
67,2018-19,30.0,GSW,NBA,SF,78.0,78.0,2702.0,721.0,1383.0,0.521,137.0,388.0,0.353,584.0,995.0,0.5870000000000001,0.5710000000000001,448.0,506.0,0.885,33.0,464.0,497.0,457.0,58.0,84.0,225.0,155.0,2027.0,LeBron James
68,Career,,,NBA,,849.0,849.0,31305.0,7814.0,15859.0,0.493,1570.0,4122.0,0.381,6244.0,11737.0,0.532,0.542,5742.0,6506.0,0.883,617.0,5375.0,5992.0,3486.0,948.0,941.0,2653.0,1618.0,22940.0,LeBron James
69,,,,,,,,,,,,,,,,,,,,,,,,,,,,,,,LeBron James
70,9 seasons,,"SEA,OKC",NBA,,641.0,641.0,24208.0,5912.0,12228.0,0.483,1143.0,3009.0,0.38,4769.0,9219.0,0.517,0.53,4599.0,5212.0,0.882,514.0,4004.0,4518.0,2363.0,774.0,639.0,2083.0,1213.0,17566.0,LeBron James
71,3 seasons,,GSW,NBA,,208.0,208.0,7097.0,1902.0,3631.0,0.524,427.0,1113.0,0.384,1475.0,2518.0,0.586,0.583,1143.0,1294.0,0.883,103.0,1371.0,1474.0,1123.0,174.0,302.0,570.0,405.0,5374.0,LeBron James
72,2003-04,19.0,CLE,NBA,SG,79.0,79.0,3122.0,622.0,1492.0,0.41700000000000004,63.0,217.0,0.29,559.0,1275.0,0.43799999999999994,0.43799999999999994,347.0,460.0,0.754,99.0,333.0,432.0,465.0,130.0,58.0,273.0,149.0,1654.0,Derrick Rose
73,2004-05,20.0,CLE,NBA,SF,80.0,80.0,3388.0,795.0,1684.0,0.47200000000000003,108.0,308.0,0.35100000000000003,687.0,1376.0,0.499,0.504,477.0,636.0,0.75,111.0,477.0,588.0,577.0,177.0,52.0,262.0,146.0,2175.0,Derrick Rose
74,2005-06,21.0,CLE,NBA,SF,79.0,79.0,3361.0,875.0,1823.0,0.48,127.0,379.0,0.335,748.0,1444.0,0.518,0.515,601.0,814.0,0.738,75.0,481.0,556.0,521.0,123.0,66.0,260.0,181.0,2478.0,Derrick Rose
75,2006-07,22.0,CLE,NBA,SF,78.0,78.0,3190.0,772.0,1621.0,0.47600000000000003,99.0,310.0,0.319,673.0,1311.0,0.513,0.507,489.0,701.0,0.698,83.0,443.0,526.0,470.0,125.0,55.0,250.0,171.0,2132.0,Derrick Rose
76,2007-08,23.0,CLE,NBA,SF,75.0,74.0,3027.0,794.0,1642.0,0.484,113.0,359.0,0.315,681.0,1283.0,0.531,0.518,549.0,771.0,0.7120000000000001,133.0,459.0,592.0,539.0,138.0,81.0,255.0,165.0,2250.0,Derrick Rose
77,2008-09,24.0,CLE,NBA,SF,81.0,81.0,3054.0,789.0,1613.0,0.489,132.0,384.0,0.344,657.0,1229.0,0.535,0.53,594.0,762.0,0.78,106.0,507.0,613.0,587.0,137.0,93.0,241.0,139.0,2304.0,Derrick Rose
78,2009-10,25.0,CLE,NBA,SF,76.0,76.0,2966.0,768.0,1528.0,0.503,129.0,387.0,0.33299999999999996,639.0,1141.0,0.56,0.545,593.0,773.0,0.767,71.0,483.0,554.0,651.0,125.0,77.0,261.0,119.0,2258.0,Derrick Rose
79,2010-11,26.0,MIA,NBA,SF,79.0,79.0,3063.0,758.0,1485.0,0.51,92.0,279.0,0.33,666.0,1206.0,0.552,0.541,503.0,663.0,0.759,80.0,510.0,590.0,554.0,124.0,50.0,284.0,163.0,2111.0,Derrick Rose
80,2011-12,27.0,MIA,NBA,SF,62.0,62.0,2326.0,621.0,1169.0,0.531,54.0,149.0,0.36200000000000004,567.0,1020.0,0.556,0.5539999999999999,387.0,502.0,0.7709999999999999,94.0,398.0,492.0,387.0,115.0,50.0,213.0,96.0,1683.0,Derrick Rose
81,2012-13,28.0,MIA,NBA,PF,76.0,76.0,2877.0,765.0,1354.0,0.565,103.0,254.0,0.406,662.0,1100.0,0.602,0.603,403.0,535.0,0.753,97.0,513.0,610.0,551.0,129.0,67.0,226.0,110.0,2036.0,Derrick Rose
82,2013-14,29.0,MIA,NBA,PF,77.0,77.0,2902.0,767.0,1353.0,0.5670000000000001,116.0,306.0,0.379,651.0,1047.0,0.622,0.61,439.0,585.0,0.75,81.0,452.0,533.0,488.0,121.0,26.0,270.0,126.0,2089.0,Derrick Rose
83,2014-15,30.0,CLE,NBA,SF,69.0,69.0,2493.0,624.0,1279.0,0.488,120.0,339.0,0.354,504.0,940.0,0.536,0.535,375.0,528.0,0.71,51.0,365.0,416.0,511.0,109.0,49.0,272.0,135.0,1743.0,Derrick Rose
84,2015-16,31.0,CLE,NBA,SF,76.0,76.0,2709.0,737.0,1416.0,0.52,87.0,282.0,0.309,650.0,1134.0,0.573,0.551,359.0,491.0,0.731,111.0,454.0,565.0,514.0,104.0,49.0,249.0,143.0,1920.0,Derrick Rose
85,2016-17,32.0,CLE,NBA,SF,74.0,74.0,2794.0,736.0,1344.0,0.5479999999999999,124.0,342.0,0.363,612.0,1002.0,0.611,0.594,358.0,531.0,0.674,97.0,542.0,639.0,646.0,92.0,44.0,303.0,134.0,1954.0,Derrick Rose
86,2017-18,33.0,CLE,NBA,PF,82.0,82.0,3026.0,857.0,1580.0,0.542,149.0,406.0,0.36700000000000005,708.0,1174.0,0.603,0.59,388.0,531.0,0.731,97.0,612.0,709.0,747.0,116.0,71.0,347.0,136.0,2251.0,Derrick Rose
87,2018-19,34.0,LAL,NBA,SF,55.0,55.0,1937.0,558.0,1095.0,0.51,111.0,327.0,0.33899999999999997,447.0,768.0,0.5820000000000001,0.56,278.0,418.0,0.665,57.0,408.0,465.0,454.0,72.0,33.0,197.0,94.0,1505.0,Derrick Rose
88,2019-20,35.0,LAL,NBA,SF,6.0,6.0,210.0,55.0,116.0,0.474,9.0,32.0,0.281,46.0,84.0,0.5479999999999999,0.513,34.0,45.0,0.7559999999999999,5.0,43.0,48.0,67.0,9.0,4.0,25.0,10.0,153.0,Derrick Rose
89,Career,,,NBA,,1204.0,1203.0,46445.0,11893.0,23594.0,0.504,1736.0,5060.0,0.34299999999999997,10157.0,18534.0,0.5479999999999999,0.541,7174.0,9746.0,0.736,1448.0,7480.0,8928.0,8729.0,1946.0,925.0,4188.0,2217.0,32696.0,Derrick Rose
90,,,,,,,,,,,,,,,,,,,,,,,,,,,,,,,Derrick Rose
91,11 seasons,,CLE,NBA,,849.0,848.0,33130.0,8369.0,17022.0,0.49200000000000005,1251.0,3713.0,0.337,7118.0,13309.0,0.535,0.528,5130.0,6998.0,0.733,1034.0,5156.0,6190.0,6228.0,1376.0,695.0,2973.0,1618.0,23119.0,Derrick Rose
92,4 seasons,,MIA,NBA,,294.0,294.0,11168.0,2911.0,5361.0,0.5429999999999999,365.0,988.0,0.369,2546.0,4373.0,0.5820000000000001,0.5770000000000001,1732.0,2285.0,0.758,352.0,1873.0,2225.0,1980.0,489.0,193.0,993.0,495.0,7919.0,Derrick Rose
93,2 seasons,,LAL,NBA,,61.0,61.0,2147.0,613.0,1211.0,0.506,120.0,359.0,0.33399999999999996,493.0,852.0,0.579,0.556,312.0,463.0,0.674,62.0,451.0,513.0,521.0,81.0,37.0,222.0,104.0,1658.0,Derrick Rose
94,2008-09,20.0,CHI,NBA,PG,81.0,80.0,3000.0,574.0,1208.0,0.475,16.0,72.0,0.222,558.0,1136.0,0.491,0.48200000000000004,197.0,250.0,0.7879999999999999,96.0,221.0,317.0,512.0,66.0,18.0,202.0,125.0,1361.0,Kobe Bryant
95,2009-10,21.0,CHI,NBA,PG,78.0,78.0,2871.0,672.0,1373.0,0.489,16.0,60.0,0.267,656.0,1313.0,0.5,0.495,259.0,338.0,0.7659999999999999,65.0,228.0,293.0,469.0,57.0,27.0,217.0,96.0,1619.0,Kobe Bryant
96,2010-11,22.0,CHI,NBA,PG,81.0,81.0,3026.0,711.0,1597.0,0.445,128.0,385.0,0.332,583.0,1212.0,0.48100000000000004,0.485,476.0,555.0,0.858,81.0,249.0,330.0,623.0,85.0,51.0,278.0,136.0,2026.0,Kobe Bryant
97,2011-12,23.0,CHI,NBA,PG,39.0,39.0,1375.0,302.0,695.0,0.435,54.0,173.0,0.312,248.0,522.0,0.475,0.473,194.0,239.0,0.812,26.0,105.0,131.0,307.0,35.0,28.0,119.0,52.0,852.0,Kobe Bryant
98,2013-14,25.0,CHI,NBA,PG,10.0,10.0,311.0,58.0,164.0,0.354,16.0,47.0,0.34,42.0,117.0,0.359,0.402,27.0,32.0,0.8440000000000001,9.0,23.0,32.0,43.0,5.0,1.0,34.0,15.0,159.0,Kobe Bryant
99,2014-15,26.0,CHI,NBA,PG,51.0,51.0,1530.0,338.0,835.0,0.405,76.0,271.0,0.28,262.0,564.0,0.465,0.45,152.0,187.0,0.813,35.0,126.0,161.0,251.0,36.0,16.0,161.0,63.0,904.0,Kobe Bryant
100,2015-16,27.0,CHI,NBA,PG,66.0,66.0,2097.0,447.0,1048.0,0.42700000000000005,44.0,150.0,0.293,403.0,898.0,0.449,0.44799999999999995,142.0,179.0,0.7929999999999999,46.0,179.0,225.0,311.0,44.0,14.0,175.0,84.0,1080.0,Kobe Bryant
101,2016-17,28.0,NYK,NBA,PG,64.0,64.0,2082.0,460.0,977.0,0.47100000000000003,13.0,60.0,0.217,447.0,917.0,0.48700000000000004,0.47700000000000004,221.0,253.0,0.8740000000000001,66.0,180.0,246.0,283.0,44.0,17.0,147.0,84.0,1154.0,Kobe Bryant
102,2017-18,29.0,TOT,NBA,PG,25.0,7.0,420.0,81.0,186.0,0.435,7.0,30.0,0.233,74.0,156.0,0.474,0.45399999999999996,40.0,46.0,0.87,13.0,22.0,35.0,37.0,7.0,4.0,35.0,16.0,209.0,Kobe Bryant
103,2017-18,29.0,CLE,NBA,PG,16.0,7.0,308.0,58.0,132.0,0.439,6.0,24.0,0.25,52.0,108.0,0.48100000000000004,0.462,35.0,41.0,0.8540000000000001,10.0,19.0,29.0,26.0,3.0,4.0,28.0,14.0,157.0,Kobe Bryant
104,2017-18,29.0,MIN,NBA,PG,9.0,0.0,112.0,23.0,54.0,0.426,1.0,6.0,0.16699999999999998,22.0,48.0,0.45799999999999996,0.435,5.0,5.0,1.0,3.0,3.0,6.0,11.0,4.0,0.0,7.0,2.0,52.0,Kobe Bryant
105,2018-19,30.0,MIN,NBA,PG,51.0,13.0,1392.0,363.0,753.0,0.48200000000000004,54.0,146.0,0.37,309.0,607.0,0.509,0.518,137.0,160.0,0.856,33.0,107.0,140.0,220.0,31.0,12.0,82.0,57.0,917.0,Kobe Bryant
106,2019-20,31.0,DET,NBA,PG,6.0,0.0,150.0,50.0,89.0,0.562,1.0,4.0,0.25,49.0,85.0,0.5760000000000001,0.5670000000000001,24.0,27.0,0.889,2.0,7.0,9.0,38.0,6.0,3.0,23.0,8.0,125.0,Kobe Bryant
107,Career,,,NBA,,552.0,489.0,18254.0,4056.0,8925.0,0.45399999999999996,425.0,1398.0,0.304,3631.0,7527.0,0.48200000000000004,0.478,1869.0,2266.0,0.825,472.0,1447.0,1919.0,3094.0,416.0,191.0,1473.0,736.0,10406.0,Kobe Bryant
108,,,,,,,,,,,,,,,,,,,,,,,,,,,,,,,Kobe Bryant
109,7 seasons,,CHI,NBA,,406.0,405.0,14210.0,3102.0,6920.0,0.44799999999999995,350.0,1158.0,0.302,2752.0,5762.0,0.478,0.474,1447.0,1780.0,0.813,358.0,1131.0,1489.0,2516.0,328.0,155.0,1186.0,571.0,8001.0,Kobe Bryant
110,1 season,,NYK,NBA,,64.0,64.0,2082.0,460.0,977.0,0.47100000000000003,13.0,60.0,0.217,447.0,917.0,0.48700000000000004,0.47700000000000004,221.0,253.0,0.8740000000000001,66.0,180.0,246.0,283.0,44.0,17.0,147.0,84.0,1154.0,Kobe Bryant
111,2 seasons,,MIN,NBA,,60.0,13.0,1504.0,386.0,807.0,0.478,55.0,152.0,0.36200000000000004,331.0,655.0,0.505,0.512,142.0,165.0,0.861,36.0,110.0,146.0,231.0,35.0,12.0,89.0,59.0,969.0,Kobe Bryant
112,1 season,,CLE,NBA,,16.0,7.0,308.0,58.0,132.0,0.439,6.0,24.0,0.25,52.0,108.0,0.48100000000000004,0.462,35.0,41.0,0.8540000000000001,10.0,19.0,29.0,26.0,3.0,4.0,28.0,14.0,157.0,Kobe Bryant
113,1 season,,DET,NBA,,6.0,0.0,150.0,50.0,89.0,0.562,1.0,4.0,0.25,49.0,85.0,0.5760000000000001,0.5670000000000001,24.0,27.0,0.889,2.0,7.0,9.0,38.0,6.0,3.0,23.0,8.0,125.0,Kobe Bryant
114,1996-97,18.0,LAL,NBA,SG,71.0,6.0,1103.0,176.0,422.0,0.41700000000000004,51.0,136.0,0.375,125.0,286.0,0.43700000000000006,0.47700000000000004,136.0,166.0,0.8190000000000001,47.0,85.0,132.0,91.0,49.0,23.0,112.0,102.0,539.0,Dirk Nowitzki
115,1997-98,19.0,LAL,NBA,SG,79.0,1.0,2056.0,391.0,913.0,0.428,75.0,220.0,0.341,316.0,693.0,0.456,0.469,363.0,457.0,0.794,79.0,163.0,242.0,199.0,74.0,40.0,157.0,180.0,1220.0,Dirk Nowitzki
116,1998-99,20.0,LAL,NBA,SG,50.0,50.0,1896.0,362.0,779.0,0.465,27.0,101.0,0.267,335.0,678.0,0.494,0.48200000000000004,245.0,292.0,0.8390000000000001,53.0,211.0,264.0,190.0,72.0,50.0,157.0,153.0,996.0,Dirk Nowitzki
117,1999-00,21.0,LAL,NBA,SG,66.0,62.0,2524.0,554.0,1183.0,0.46799999999999997,46.0,144.0,0.319,508.0,1039.0,0.489,0.488,331.0,403.0,0.821,108.0,308.0,416.0,323.0,106.0,62.0,182.0,220.0,1485.0,Dirk Nowitzki
118,2000-01,22.0,LAL,NBA,SG,68.0,68.0,2783.0,701.0,1510.0,0.46399999999999997,61.0,200.0,0.305,640.0,1310.0,0.489,0.484,475.0,557.0,0.853,104.0,295.0,399.0,338.0,114.0,43.0,220.0,222.0,1938.0,Dirk Nowitzki
119,2001-02,23.0,LAL,NBA,SG,80.0,80.0,3063.0,749.0,1597.0,0.469,33.0,132.0,0.25,716.0,1465.0,0.489,0.479,488.0,589.0,0.8290000000000001,112.0,329.0,441.0,438.0,118.0,35.0,223.0,228.0,2019.0,Dirk Nowitzki
120,2002-03,24.0,LAL,NBA,SG,82.0,82.0,3401.0,868.0,1924.0,0.451,124.0,324.0,0.38299999999999995,744.0,1600.0,0.465,0.483,601.0,713.0,0.843,106.0,458.0,564.0,481.0,181.0,67.0,288.0,218.0,2461.0,Dirk Nowitzki
121,2003-04,25.0,LAL,NBA,SG,65.0,64.0,2447.0,516.0,1178.0,0.43799999999999994,71.0,217.0,0.327,445.0,961.0,0.46299999999999997,0.46799999999999997,454.0,533.0,0.852,103.0,256.0,359.0,330.0,112.0,28.0,171.0,176.0,1557.0,Dirk Nowitzki
122,2004-05,26.0,LAL,NBA,SG,66.0,66.0,2689.0,573.0,1324.0,0.433,131.0,387.0,0.33899999999999997,442.0,937.0,0.47200000000000003,0.48200000000000004,542.0,664.0,0.816,95.0,297.0,392.0,398.0,86.0,53.0,270.0,174.0,1819.0,Dirk Nowitzki
123,2005-06,27.0,LAL,NBA,SG,80.0,80.0,3277.0,978.0,2173.0,0.45,180.0,518.0,0.34700000000000003,798.0,1655.0,0.48200000000000004,0.491,696.0,819.0,0.85,71.0,354.0,425.0,360.0,147.0,30.0,250.0,233.0,2832.0,Dirk Nowitzki
124,2006-07,28.0,LAL,NBA,SG,77.0,77.0,3140.0,813.0,1757.0,0.46299999999999997,137.0,398.0,0.344,676.0,1359.0,0.49700000000000005,0.502,667.0,768.0,0.868,75.0,364.0,439.0,413.0,111.0,36.0,255.0,205.0,2430.0,Dirk Nowitzki
125,2007-08,29.0,LAL,NBA,SG,82.0,82.0,3192.0,775.0,1690.0,0.45899999999999996,150.0,415.0,0.361,625.0,1275.0,0.49,0.503,623.0,742.0,0.84,94.0,423.0,517.0,441.0,151.0,40.0,257.0,227.0,2323.0,Dirk Nowitzki
126,2008-09,30.0,LAL,NBA,SG,82.0,82.0,2960.0,800.0,1712.0,0.467,118.0,336.0,0.35100000000000003,682.0,1376.0,0.496,0.502,483.0,564.0,0.856,90.0,339.0,429.0,399.0,120.0,37.0,210.0,189.0,2201.0,Dirk Nowitzki
127,2009-10,31.0,LAL,NBA,SG,73.0,73.0,2835.0,716.0,1569.0,0.456,99.0,301.0,0.32899999999999996,617.0,1268.0,0.48700000000000004,0.488,439.0,541.0,0.8109999999999999,78.0,313.0,391.0,365.0,113.0,20.0,233.0,187.0,1970.0,Dirk Nowitzki
128,2010-11,32.0,LAL,NBA,SG,82.0,82.0,2779.0,740.0,1639.0,0.451,115.0,356.0,0.32299999999999995,625.0,1283.0,0.48700000000000004,0.48700000000000004,483.0,583.0,0.828,83.0,336.0,419.0,388.0,99.0,12.0,243.0,172.0,2078.0,Dirk Nowitzki
129,2011-12,33.0,LAL,NBA,SG,58.0,58.0,2232.0,574.0,1336.0,0.43,87.0,287.0,0.303,487.0,1049.0,0.46399999999999997,0.462,381.0,451.0,0.845,66.0,247.0,313.0,264.0,69.0,18.0,204.0,105.0,1616.0,Dirk Nowitzki
130,2012-13,34.0,LAL,NBA,SG,78.0,78.0,3013.0,738.0,1595.0,0.46299999999999997,132.0,407.0,0.324,606.0,1188.0,0.51,0.504,525.0,626.0,0.8390000000000001,66.0,367.0,433.0,469.0,106.0,25.0,287.0,173.0,2133.0,Dirk Nowitzki
131,2013-14,35.0,LAL,NBA,SG,6.0,6.0,177.0,31.0,73.0,0.425,3.0,16.0,0.188,28.0,57.0,0.491,0.445,18.0,21.0,0.857,2.0,24.0,26.0,38.0,7.0,1.0,34.0,9.0,83.0,Dirk Nowitzki
132,2014-15,36.0,LAL,NBA,SG,35.0,35.0,1207.0,266.0,713.0,0.373,54.0,184.0,0.293,212.0,529.0,0.401,0.41100000000000003,196.0,241.0,0.813,26.0,173.0,199.0,197.0,47.0,7.0,128.0,65.0,782.0,Dirk Nowitzki
133,2015-16,37.0,LAL,NBA,SF,66.0,66.0,1863.0,398.0,1113.0,0.358,133.0,467.0,0.285,265.0,646.0,0.41,0.41700000000000004,232.0,281.0,0.826,41.0,206.0,247.0,184.0,62.0,13.0,129.0,115.0,1161.0,Dirk Nowitzki
134,Career,,,NBA,,1346.0,1198.0,48637.0,11719.0,26200.0,0.447,1827.0,5546.0,0.32899999999999996,9892.0,20654.0,0.479,0.48200000000000004,8378.0,10011.0,0.8370000000000001,1499.0,5548.0,7047.0,6306.0,1944.0,640.0,4010.0,3353.0,33643.0,Dirk Nowitzki
135,1998-99,20.0,DAL,NBA,PF,47.0,24.0,958.0,136.0,336.0,0.405,14.0,68.0,0.20600000000000002,122.0,268.0,0.455,0.426,99.0,128.0,0.773,41.0,121.0,162.0,47.0,29.0,27.0,73.0,105.0,385.0,Steve Nash
136,1999-00,21.0,DAL,NBA,PF,82.0,81.0,2938.0,515.0,1118.0,0.461,116.0,306.0,0.379,399.0,812.0,0.491,0.513,289.0,348.0,0.83,102.0,430.0,532.0,203.0,63.0,68.0,141.0,256.0,1435.0,Steve Nash
137,2000-01,22.0,DAL,NBA,PF,82.0,82.0,3125.0,591.0,1247.0,0.474,151.0,390.0,0.387,440.0,857.0,0.513,0.534,451.0,538.0,0.838,119.0,635.0,754.0,173.0,79.0,101.0,156.0,245.0,1784.0,Steve Nash
138,2001-02,23.0,DAL,NBA,C,76.0,76.0,2891.0,600.0,1258.0,0.47700000000000004,139.0,350.0,0.397,461.0,908.0,0.508,0.532,440.0,516.0,0.853,120.0,635.0,755.0,186.0,83.0,77.0,145.0,222.0,1779.0,Steve Nash
139,2002-03,24.0,DAL,NBA,PF,80.0,80.0,3117.0,690.0,1489.0,0.46299999999999997,148.0,390.0,0.379,542.0,1099.0,0.493,0.513,483.0,548.0,0.8809999999999999,81.0,710.0,791.0,239.0,111.0,82.0,152.0,206.0,2011.0,Steve Nash
140,2003-04,25.0,DAL,NBA,C,77.0,77.0,2915.0,605.0,1310.0,0.462,99.0,290.0,0.341,506.0,1020.0,0.496,0.5,371.0,423.0,0.877,90.0,580.0,670.0,207.0,92.0,104.0,135.0,216.0,1680.0,Steve Nash
141,2004-05,26.0,DAL,NBA,PF,78.0,78.0,3020.0,663.0,1445.0,0.45899999999999996,91.0,228.0,0.39899999999999997,572.0,1217.0,0.47,0.49,615.0,708.0,0.8690000000000001,96.0,661.0,757.0,240.0,97.0,119.0,176.0,219.0,2032.0,Steve Nash
142,2005-06,27.0,DAL,NBA,PF,81.0,81.0,3089.0,751.0,1564.0,0.48,110.0,271.0,0.406,641.0,1293.0,0.496,0.515,539.0,598.0,0.9009999999999999,115.0,613.0,728.0,226.0,58.0,83.0,156.0,164.0,2151.0,Steve Nash
143,2006-07,28.0,DAL,NBA,PF,78.0,78.0,2820.0,673.0,1341.0,0.502,72.0,173.0,0.41600000000000004,601.0,1168.0,0.515,0.529,498.0,551.0,0.904,122.0,571.0,693.0,263.0,52.0,62.0,167.0,171.0,1916.0,Steve Nash
144,2007-08,29.0,DAL,NBA,PF,77.0,77.0,2769.0,630.0,1314.0,0.479,79.0,220.0,0.359,551.0,1094.0,0.504,0.51,478.0,544.0,0.879,95.0,564.0,659.0,266.0,51.0,71.0,160.0,198.0,1817.0,Steve Nash
145,2008-09,30.0,DAL,NBA,PF,81.0,81.0,3050.0,774.0,1616.0,0.479,61.0,170.0,0.359,713.0,1446.0,0.493,0.498,485.0,545.0,0.89,88.0,593.0,681.0,197.0,61.0,63.0,157.0,176.0,2094.0,Steve Nash
146,2009-10,31.0,DAL,NBA,PF,81.0,80.0,3039.0,720.0,1496.0,0.48100000000000004,51.0,121.0,0.42100000000000004,669.0,1375.0,0.48700000000000004,0.498,536.0,586.0,0.915,80.0,540.0,620.0,218.0,70.0,79.0,149.0,208.0,2027.0,Steve Nash
147,2010-11,32.0,DAL,NBA,PF,73.0,73.0,2504.0,610.0,1179.0,0.517,66.0,168.0,0.39299999999999996,544.0,1011.0,0.5379999999999999,0.545,395.0,443.0,0.892,50.0,463.0,513.0,190.0,38.0,47.0,137.0,172.0,1681.0,Steve Nash
148,2011-12,33.0,DAL,NBA,PF,62.0,62.0,2079.0,473.0,1034.0,0.457,78.0,212.0,0.368,395.0,822.0,0.48100000000000004,0.495,318.0,355.0,0.8959999999999999,46.0,372.0,418.0,136.0,42.0,30.0,117.0,129.0,1342.0,Steve Nash
149,2012-13,34.0,DAL,NBA,PF,53.0,47.0,1661.0,343.0,728.0,0.47100000000000003,65.0,157.0,0.414,278.0,571.0,0.48700000000000004,0.516,166.0,193.0,0.86,37.0,326.0,363.0,132.0,38.0,37.0,70.0,93.0,917.0,Steve Nash
150,2013-14,35.0,DAL,NBA,PF,80.0,80.0,2628.0,633.0,1273.0,0.49700000000000005,131.0,329.0,0.39799999999999996,502.0,944.0,0.532,0.5489999999999999,338.0,376.0,0.899,40.0,458.0,498.0,216.0,73.0,45.0,117.0,165.0,1735.0,Steve Nash
151,2014-15,36.0,DAL,NBA,PF,77.0,77.0,2282.0,487.0,1062.0,0.45899999999999996,104.0,274.0,0.38,383.0,788.0,0.486,0.508,255.0,289.0,0.882,44.0,413.0,457.0,143.0,39.0,33.0,82.0,160.0,1333.0,Steve Nash
152,2015-16,37.0,DAL,NBA,PF,75.0,75.0,2364.0,498.0,1112.0,0.44799999999999995,126.0,342.0,0.368,372.0,770.0,0.483,0.504,250.0,280.0,0.893,52.0,437.0,489.0,132.0,52.0,52.0,84.0,161.0,1372.0,Steve Nash
153,2016-17,38.0,DAL,NBA,PF,54.0,54.0,1424.0,296.0,678.0,0.43700000000000006,79.0,209.0,0.37799999999999995,217.0,469.0,0.46299999999999997,0.495,98.0,112.0,0.875,23.0,330.0,353.0,82.0,30.0,38.0,51.0,113.0,769.0,Steve Nash
154,2017-18,39.0,DAL,NBA,C,77.0,77.0,1900.0,346.0,758.0,0.456,138.0,337.0,0.409,208.0,421.0,0.494,0.547,97.0,108.0,0.898,22.0,416.0,438.0,120.0,43.0,45.0,51.0,146.0,927.0,Steve Nash
155,2018-19,40.0,DAL,NBA,PF,51.0,20.0,795.0,135.0,376.0,0.359,64.0,205.0,0.312,71.0,171.0,0.415,0.444,39.0,50.0,0.78,5.0,153.0,158.0,35.0,9.0,18.0,18.0,76.0,373.0,Steve Nash
156,Career,,,NBA,,1522.0,1460.0,51368.0,11169.0,23734.0,0.47100000000000003,1982.0,5210.0,0.38,9187.0,18524.0,0.496,0.512,7240.0,8239.0,0.879,1468.0,10021.0,11489.0,3651.0,1210.0,1281.0,2494.0,3601.0,31560.0,Steve Nash
157,1996-97,22.0,PHO,NBA,PG,65.0,2.0,684.0,74.0,175.0,0.423,23.0,55.0,0.418,51.0,120.0,0.425,0.489,42.0,51.0,0.8240000000000001,16.0,47.0,63.0,138.0,20.0,0.0,63.0,92.0,213.0,Kevin Garnett
158,1997-98,23.0,PHO,NBA,PG,76.0,9.0,1664.0,268.0,584.0,0.45899999999999996,81.0,195.0,0.415,187.0,389.0,0.48100000000000004,0.528,74.0,86.0,0.86,32.0,128.0,160.0,262.0,63.0,4.0,98.0,145.0,691.0,Kevin Garnett
159,1998-99,24.0,DAL,NBA,PG,40.0,40.0,1269.0,114.0,314.0,0.363,49.0,131.0,0.374,65.0,183.0,0.355,0.441,38.0,46.0,0.826,32.0,82.0,114.0,219.0,37.0,2.0,83.0,98.0,315.0,Kevin Garnett
160,1999-00,25.0,DAL,NBA,PG,56.0,27.0,1532.0,173.0,363.0,0.47700000000000004,60.0,149.0,0.40299999999999997,113.0,214.0,0.528,0.5589999999999999,75.0,85.0,0.882,34.0,87.0,121.0,272.0,37.0,3.0,102.0,122.0,481.0,Kevin Garnett
161,2000-01,26.0,DAL,NBA,PG,70.0,70.0,2387.0,386.0,792.0,0.48700000000000004,89.0,219.0,0.406,297.0,573.0,0.518,0.544,231.0,258.0,0.895,46.0,177.0,223.0,509.0,72.0,5.0,205.0,158.0,1092.0,Kevin Garnett
162,2001-02,27.0,DAL,NBA,PG,82.0,82.0,2837.0,525.0,1088.0,0.483,156.0,343.0,0.455,369.0,745.0,0.495,0.5539999999999999,260.0,293.0,0.887,50.0,204.0,254.0,634.0,53.0,4.0,229.0,164.0,1466.0,Kevin Garnett
163,2002-03,28.0,DAL,NBA,PG,82.0,82.0,2711.0,518.0,1114.0,0.465,111.0,269.0,0.413,407.0,845.0,0.48200000000000004,0.515,308.0,339.0,0.909,63.0,171.0,234.0,598.0,85.0,6.0,192.0,134.0,1455.0,Kevin Garnett
164,2003-04,29.0,DAL,NBA,PG,78.0,78.0,2612.0,397.0,845.0,0.47,104.0,257.0,0.405,293.0,588.0,0.498,0.531,230.0,251.0,0.9159999999999999,59.0,173.0,232.0,687.0,67.0,8.0,209.0,139.0,1128.0,Kevin Garnett
165,2004-05,30.0,PHO,NBA,PG,75.0,75.0,2573.0,430.0,857.0,0.502,94.0,218.0,0.431,336.0,639.0,0.526,0.557,211.0,238.0,0.887,57.0,192.0,249.0,861.0,74.0,6.0,245.0,136.0,1165.0,Kevin Garnett
166,2005-06,31.0,PHO,NBA,PG,79.0,79.0,2796.0,541.0,1056.0,0.512,150.0,342.0,0.439,391.0,714.0,0.5479999999999999,0.583,257.0,279.0,0.9209999999999999,47.0,286.0,333.0,826.0,61.0,12.0,276.0,120.0,1489.0,Kevin Garnett
167,2006-07,32.0,PHO,NBA,PG,76.0,76.0,2682.0,517.0,971.0,0.532,156.0,343.0,0.455,361.0,628.0,0.575,0.613,222.0,247.0,0.899,30.0,239.0,269.0,884.0,57.0,6.0,287.0,117.0,1412.0,Kevin Garnett
168,2007-08,33.0,PHO,NBA,PG,81.0,81.0,2780.0,485.0,962.0,0.504,179.0,381.0,0.47,306.0,581.0,0.527,0.597,222.0,245.0,0.9059999999999999,28.0,254.0,282.0,898.0,53.0,5.0,295.0,113.0,1371.0,Kevin Garnett
169,2008-09,34.0,PHO,NBA,PG,74.0,74.0,2484.0,428.0,851.0,0.503,108.0,246.0,0.439,320.0,605.0,0.529,0.5660000000000001,196.0,210.0,0.9329999999999999,19.0,204.0,223.0,717.0,55.0,10.0,248.0,108.0,1160.0,Kevin Garnett
170,2009-10,35.0,PHO,NBA,PG,81.0,81.0,2660.0,499.0,985.0,0.507,124.0,291.0,0.426,375.0,694.0,0.54,0.57,211.0,225.0,0.938,34.0,234.0,268.0,892.0,42.0,12.0,295.0,108.0,1333.0,Kevin Garnett
171,2010-11,36.0,PHO,NBA,PG,75.0,75.0,2497.0,399.0,811.0,0.49200000000000005,81.0,205.0,0.395,318.0,606.0,0.525,0.542,227.0,249.0,0.912,40.0,220.0,260.0,855.0,48.0,4.0,265.0,87.0,1106.0,Kevin Garnett
172,2011-12,37.0,PHO,NBA,PG,62.0,62.0,1961.0,295.0,555.0,0.532,55.0,141.0,0.39,240.0,414.0,0.58,0.581,127.0,142.0,0.894,26.0,160.0,186.0,664.0,38.0,8.0,229.0,53.0,772.0,Kevin Garnett
173,2012-13,38.0,LAL,NBA,PG,50.0,50.0,1627.0,236.0,475.0,0.49700000000000005,57.0,130.0,0.43799999999999994,179.0,345.0,0.519,0.557,107.0,116.0,0.922,26.0,116.0,142.0,333.0,30.0,5.0,126.0,70.0,636.0,Kevin Garnett
174,2013-14,39.0,LAL,NBA,PG,15.0,10.0,313.0,36.0,94.0,0.38299999999999995,8.0,24.0,0.33299999999999996,28.0,70.0,0.4,0.426,22.0,24.0,0.917,4.0,25.0,29.0,86.0,7.0,2.0,31.0,18.0,102.0,Kevin Garnett
175,Career,,,NBA,,1217.0,1053.0,38069.0,6321.0,12892.0,0.49,1685.0,3939.0,0.428,4636.0,8953.0,0.518,0.556,3060.0,3384.0,0.904,643.0,2999.0,3642.0,10335.0,899.0,102.0,3478.0,1982.0,17387.0,Kevin Garnett
176,,,,,,,,,,,,,,,,,,,,,,,,,,,,,,,Kevin Garnett
177,10 seasons,,PHO,NBA,,744.0,614.0,22781.0,3936.0,7807.0,0.504,1051.0,2417.0,0.435,2885.0,5390.0,0.535,0.5710000000000001,1789.0,1972.0,0.907,329.0,1964.0,2293.0,6997.0,511.0,67.0,2301.0,1079.0,10712.0,Kevin Garnett
178,6 seasons,,DAL,NBA,,408.0,379.0,13348.0,2113.0,4516.0,0.46799999999999997,569.0,1368.0,0.41600000000000004,1544.0,3148.0,0.49,0.531,1142.0,1272.0,0.898,284.0,894.0,1178.0,2919.0,351.0,28.0,1020.0,815.0,5937.0,Kevin Garnett
179,2 seasons,,LAL,NBA,,65.0,60.0,1940.0,272.0,569.0,0.478,65.0,154.0,0.42200000000000004,207.0,415.0,0.499,0.535,129.0,140.0,0.9209999999999999,30.0,141.0,171.0,419.0,37.0,7.0,157.0,88.0,738.0,Kevin Garnett
180,1995-96,19.0,MIN,NBA,SF,80.0,43.0,2293.0,361.0,735.0,0.491,8.0,28.0,0.28600000000000003,353.0,707.0,0.499,0.49700000000000005,105.0,149.0,0.705,175.0,326.0,501.0,145.0,86.0,131.0,110.0,189.0,835.0,Tim Duncan
181,1996-97,20.0,MIN,NBA,SF,77.0,77.0,2995.0,549.0,1100.0,0.499,6.0,21.0,0.28600000000000003,543.0,1079.0,0.503,0.502,205.0,272.0,0.754,190.0,428.0,618.0,236.0,105.0,163.0,175.0,199.0,1309.0,Tim Duncan
182,1997-98,21.0,MIN,NBA,PF,82.0,82.0,3222.0,635.0,1293.0,0.491,3.0,16.0,0.188,632.0,1277.0,0.495,0.49200000000000005,245.0,332.0,0.738,222.0,564.0,786.0,348.0,139.0,150.0,192.0,224.0,1518.0,Tim Duncan
183,1998-99,22.0,MIN,NBA,PF,47.0,47.0,1780.0,414.0,900.0,0.46,4.0,14.0,0.28600000000000003,410.0,886.0,0.46299999999999997,0.462,145.0,206.0,0.7040000000000001,166.0,323.0,489.0,202.0,78.0,83.0,135.0,152.0,977.0,Tim Duncan
184,1999-00,23.0,MIN,NBA,PF,81.0,81.0,3243.0,759.0,1526.0,0.49700000000000005,30.0,81.0,0.37,729.0,1445.0,0.504,0.507,309.0,404.0,0.765,223.0,733.0,956.0,401.0,120.0,126.0,268.0,205.0,1857.0,Tim Duncan
185,2000-01,24.0,MIN,NBA,PF,81.0,81.0,3202.0,704.0,1475.0,0.47700000000000004,19.0,66.0,0.28800000000000003,685.0,1409.0,0.486,0.484,357.0,467.0,0.764,219.0,702.0,921.0,401.0,111.0,145.0,230.0,204.0,1784.0,Tim Duncan
186,2001-02,25.0,MIN,NBA,PF,81.0,81.0,3175.0,659.0,1401.0,0.47,37.0,116.0,0.319,622.0,1285.0,0.484,0.484,359.0,448.0,0.8009999999999999,243.0,738.0,981.0,422.0,96.0,126.0,229.0,184.0,1714.0,Tim Duncan
187,2002-03,26.0,MIN,NBA,PF,82.0,82.0,3321.0,743.0,1481.0,0.502,20.0,71.0,0.282,723.0,1410.0,0.513,0.508,377.0,502.0,0.7509999999999999,244.0,858.0,1102.0,495.0,113.0,129.0,229.0,199.0,1883.0,Tim Duncan
188,2003-04,27.0,MIN,NBA,PF,82.0,82.0,3231.0,804.0,1611.0,0.499,11.0,43.0,0.256,793.0,1568.0,0.506,0.502,368.0,465.0,0.7909999999999999,245.0,894.0,1139.0,409.0,120.0,178.0,212.0,202.0,1987.0,Tim Duncan
189,2004-05,28.0,MIN,NBA,PF,82.0,82.0,3121.0,683.0,1360.0,0.502,6.0,25.0,0.24,677.0,1335.0,0.507,0.504,445.0,549.0,0.8109999999999999,247.0,861.0,1108.0,466.0,121.0,112.0,222.0,207.0,1817.0,Tim Duncan
190,2005-06,29.0,MIN,NBA,PF,76.0,76.0,2957.0,626.0,1191.0,0.526,8.0,30.0,0.267,618.0,1161.0,0.532,0.529,396.0,489.0,0.81,214.0,752.0,966.0,308.0,104.0,107.0,180.0,206.0,1656.0,Tim Duncan
191,2006-07,30.0,MIN,NBA,PF,76.0,76.0,2995.0,638.0,1341.0,0.47600000000000003,12.0,56.0,0.214,626.0,1285.0,0.48700000000000004,0.48,416.0,498.0,0.835,183.0,792.0,975.0,313.0,89.0,126.0,205.0,184.0,1704.0,Tim Duncan
192,2007-08,31.0,BOS,NBA,PF,71.0,71.0,2328.0,534.0,990.0,0.539,0.0,11.0,0.0,534.0,979.0,0.545,0.539,269.0,336.0,0.8009999999999999,135.0,520.0,655.0,244.0,100.0,89.0,138.0,163.0,1337.0,Tim Duncan
193,2008-09,32.0,BOS,NBA,PF,57.0,57.0,1772.0,393.0,740.0,0.531,2.0,8.0,0.25,391.0,732.0,0.534,0.532,111.0,132.0,0.841,78.0,407.0,485.0,144.0,63.0,68.0,90.0,128.0,899.0,Tim Duncan
194,2009-10,33.0,BOS,NBA,PF,69.0,69.0,2060.0,402.0,772.0,0.521,1.0,5.0,0.2,401.0,767.0,0.523,0.521,185.0,221.0,0.8370000000000001,78.0,428.0,506.0,185.0,68.0,57.0,101.0,170.0,990.0,Tim Duncan
195,2010-11,34.0,BOS,NBA,PF,71.0,71.0,2220.0,434.0,822.0,0.528,1.0,5.0,0.2,433.0,817.0,0.53,0.529,187.0,217.0,0.862,83.0,548.0,631.0,171.0,95.0,57.0,115.0,148.0,1056.0,Tim Duncan
196,2011-12,35.0,BOS,NBA,C,60.0,60.0,1864.0,391.0,777.0,0.503,3.0,9.0,0.33299999999999996,388.0,768.0,0.505,0.505,162.0,189.0,0.857,66.0,428.0,494.0,175.0,56.0,61.0,107.0,141.0,947.0,Tim Duncan
197,2012-13,36.0,BOS,NBA,C,68.0,68.0,2022.0,422.0,850.0,0.496,2.0,16.0,0.125,420.0,834.0,0.504,0.498,158.0,201.0,0.7859999999999999,75.0,455.0,530.0,159.0,78.0,62.0,110.0,154.0,1004.0,Tim Duncan
198,2013-14,37.0,BRK,NBA,C,54.0,54.0,1109.0,157.0,356.0,0.441,0.0,3.0,0.0,157.0,353.0,0.445,0.441,38.0,47.0,0.809,60.0,298.0,358.0,82.0,43.0,40.0,69.0,123.0,352.0,Tim Duncan
199,2014-15,38.0,TOT,NBA,PF,47.0,47.0,952.0,143.0,306.0,0.467,1.0,7.0,0.14300000000000002,142.0,299.0,0.475,0.469,36.0,45.0,0.8,48.0,263.0,311.0,77.0,46.0,17.0,46.0,109.0,323.0,Tim Duncan
200,2014-15,38.0,BRK,NBA,PF,42.0,42.0,854.0,125.0,275.0,0.455,1.0,6.0,0.16699999999999998,124.0,269.0,0.461,0.456,34.0,41.0,0.8290000000000001,46.0,239.0,285.0,69.0,41.0,13.0,45.0,96.0,285.0,Tim Duncan
201,2014-15,38.0,MIN,NBA,PF,5.0,5.0,98.0,18.0,31.0,0.581,0.0,1.0,0.0,18.0,30.0,0.6,0.581,2.0,4.0,0.5,2.0,24.0,26.0,8.0,5.0,4.0,1.0,13.0,38.0,Tim Duncan
202,2015-16,39.0,MIN,NBA,PF,38.0,38.0,556.0,54.0,115.0,0.47,0.0,1.0,0.0,54.0,114.0,0.474,0.47,14.0,21.0,0.667,15.0,135.0,150.0,62.0,28.0,10.0,16.0,70.0,122.0,Tim Duncan
203,Career,,,NBA,,1462.0,1425.0,50418.0,10505.0,21142.0,0.49700000000000005,174.0,632.0,0.275,10331.0,20510.0,0.504,0.501,4887.0,6190.0,0.789,3209.0,11453.0,14662.0,5445.0,1859.0,2037.0,3179.0,3561.0,26071.0,Tim Duncan
204,,,,,,,,,,,,,,,,,,,,,,,,,,,,,,,Tim Duncan
205,14 seasons,,MIN,NBA,,970.0,933.0,36189.0,7647.0,15560.0,0.491,164.0,569.0,0.28800000000000003,7483.0,14991.0,0.499,0.49700000000000005,3743.0,4806.0,0.779,2588.0,8130.0,10718.0,4216.0,1315.0,1590.0,2404.0,2438.0,19201.0,Tim Duncan
206,6 seasons,,BOS,NBA,,396.0,396.0,12266.0,2576.0,4951.0,0.52,9.0,54.0,0.16699999999999998,2567.0,4897.0,0.524,0.521,1072.0,1296.0,0.8270000000000001,515.0,2786.0,3301.0,1078.0,460.0,394.0,661.0,904.0,6233.0,Tim Duncan
207,2 seasons,,BRK,NBA,,96.0,96.0,1963.0,282.0,631.0,0.447,1.0,9.0,0.111,281.0,622.0,0.452,0.44799999999999995,72.0,88.0,0.818,106.0,537.0,643.0,151.0,84.0,53.0,114.0,219.0,637.0,Tim Duncan
208,1997-98,21.0,SAS,NBA,PF,82.0,82.0,3204.0,706.0,1287.0,0.5489999999999999,0.0,10.0,0.0,706.0,1277.0,0.5529999999999999,0.5489999999999999,319.0,482.0,0.662,274.0,703.0,977.0,224.0,55.0,206.0,279.0,254.0,1731.0,Allen Iverson
209,1998-99,22.0,SAS,NBA,PF,50.0,50.0,1963.0,418.0,845.0,0.495,1.0,7.0,0.14300000000000002,417.0,838.0,0.498,0.495,247.0,358.0,0.69,159.0,412.0,571.0,121.0,45.0,126.0,146.0,147.0,1084.0,Allen Iverson
210,1999-00,23.0,SAS,NBA,PF,74.0,74.0,2875.0,628.0,1281.0,0.49,1.0,11.0,0.091,627.0,1270.0,0.494,0.491,459.0,603.0,0.7609999999999999,262.0,656.0,918.0,234.0,66.0,165.0,242.0,210.0,1716.0,Allen Iverson
211,2000-01,24.0,SAS,NBA,PF,82.0,82.0,3174.0,702.0,1406.0,0.499,7.0,27.0,0.259,695.0,1379.0,0.504,0.502,409.0,662.0,0.618,259.0,738.0,997.0,245.0,70.0,192.0,242.0,247.0,1820.0,Allen Iverson
212,2001-02,25.0,SAS,NBA,PF,82.0,82.0,3329.0,764.0,1504.0,0.508,1.0,10.0,0.1,763.0,1494.0,0.511,0.508,560.0,701.0,0.799,268.0,774.0,1042.0,307.0,61.0,203.0,263.0,217.0,2089.0,Allen Iverson
213,2002-03,26.0,SAS,NBA,PF,81.0,81.0,3181.0,714.0,1392.0,0.513,6.0,22.0,0.273,708.0,1370.0,0.517,0.515,450.0,634.0,0.71,259.0,784.0,1043.0,316.0,55.0,237.0,248.0,231.0,1884.0,Allen Iverson
214,2003-04,27.0,SAS,NBA,PF,69.0,68.0,2527.0,592.0,1181.0,0.501,2.0,12.0,0.16699999999999998,590.0,1169.0,0.505,0.502,352.0,588.0,0.599,227.0,632.0,859.0,213.0,62.0,185.0,183.0,164.0,1538.0,Allen Iverson
215,2004-05,28.0,SAS,NBA,PF,66.0,66.0,2203.0,517.0,1042.0,0.496,3.0,9.0,0.33299999999999996,514.0,1033.0,0.498,0.498,305.0,455.0,0.67,202.0,530.0,732.0,179.0,45.0,174.0,127.0,144.0,1342.0,Allen Iverson
216,2005-06,29.0,SAS,NBA,PF,80.0,80.0,2784.0,574.0,1185.0,0.484,2.0,5.0,0.4,572.0,1180.0,0.485,0.485,335.0,533.0,0.629,231.0,650.0,881.0,253.0,70.0,162.0,198.0,219.0,1485.0,Allen Iverson
217,2006-07,30.0,SAS,NBA,C,80.0,80.0,2726.0,618.0,1131.0,0.546,1.0,9.0,0.111,617.0,1122.0,0.55,0.547,362.0,568.0,0.637,213.0,633.0,846.0,273.0,66.0,190.0,224.0,203.0,1599.0,Allen Iverson
218,2007-08,31.0,SAS,NBA,C,78.0,78.0,2651.0,585.0,1178.0,0.49700000000000005,0.0,4.0,0.0,585.0,1174.0,0.498,0.49700000000000005,338.0,463.0,0.73,237.0,644.0,881.0,218.0,56.0,152.0,178.0,185.0,1508.0,Allen Iverson
219,2008-09,32.0,SAS,NBA,C,75.0,75.0,2524.0,558.0,1107.0,0.504,0.0,2.0,0.0,558.0,1105.0,0.505,0.504,334.0,483.0,0.6920000000000001,201.0,599.0,800.0,264.0,38.0,126.0,165.0,173.0,1450.0,Allen Iverson
220,2009-10,33.0,SAS,NBA,C,78.0,77.0,2438.0,561.0,1082.0,0.518,2.0,11.0,0.182,559.0,1071.0,0.522,0.519,271.0,374.0,0.725,221.0,567.0,788.0,246.0,45.0,117.0,140.0,152.0,1395.0,Allen Iverson
221,2010-11,34.0,SAS,NBA,C,76.0,76.0,2156.0,419.0,838.0,0.5,0.0,4.0,0.0,419.0,834.0,0.502,0.5,184.0,257.0,0.716,169.0,509.0,678.0,203.0,50.0,146.0,122.0,119.0,1022.0,Allen Iverson
222,2011-12,35.0,SAS,NBA,C,58.0,58.0,1634.0,361.0,733.0,0.49200000000000005,0.0,4.0,0.0,361.0,729.0,0.495,0.49200000000000005,173.0,249.0,0.695,110.0,410.0,520.0,132.0,38.0,88.0,97.0,98.0,895.0,Allen Iverson
223,2012-13,36.0,SAS,NBA,C,69.0,69.0,2078.0,490.0,976.0,0.502,2.0,7.0,0.28600000000000003,488.0,969.0,0.504,0.503,245.0,300.0,0.8170000000000001,124.0,562.0,686.0,184.0,50.0,183.0,147.0,117.0,1227.0,Allen Iverson
224,2013-14,37.0,SAS,NBA,C,74.0,74.0,2158.0,444.0,906.0,0.49,0.0,5.0,0.0,444.0,901.0,0.493,0.49,231.0,316.0,0.731,158.0,563.0,721.0,220.0,43.0,139.0,159.0,134.0,1119.0,Allen Iverson
225,2014-15,38.0,SAS,NBA,C,77.0,77.0,2227.0,419.0,819.0,0.512,2.0,7.0,0.28600000000000003,417.0,812.0,0.514,0.513,230.0,311.0,0.74,170.0,534.0,704.0,230.0,63.0,151.0,131.0,165.0,1070.0,Allen Iverson
226,2015-16,39.0,SAS,NBA,C,61.0,60.0,1536.0,215.0,441.0,0.488,0.0,2.0,0.0,215.0,439.0,0.49,0.488,92.0,131.0,0.7020000000000001,115.0,332.0,447.0,163.0,47.0,78.0,90.0,125.0,522.0,Allen Iverson
227,Career,,,NBA,,1392.0,1389.0,47368.0,10285.0,20334.0,0.506,30.0,168.0,0.179,10255.0,20166.0,0.509,0.507,5896.0,8468.0,0.696,3859.0,11232.0,15091.0,4225.0,1025.0,3020.0,3381.0,3304.0,26496.0,Allen Iverson
228,1996-97,21.0,PHI,NBA,PG,76.0,74.0,3045.0,625.0,1504.0,0.41600000000000004,155.0,455.0,0.341,470.0,1049.0,0.44799999999999995,0.467,382.0,544.0,0.7020000000000001,115.0,197.0,312.0,567.0,157.0,24.0,337.0,233.0,1787.0,Shaquille O'Neal
229,1997-98,22.0,PHI,NBA,PG,80.0,80.0,3150.0,649.0,1407.0,0.461,70.0,235.0,0.298,579.0,1172.0,0.494,0.486,390.0,535.0,0.7290000000000001,86.0,210.0,296.0,494.0,176.0,25.0,244.0,200.0,1758.0,Shaquille O'Neal
230,1998-99,23.0,PHI,NBA,SG,48.0,48.0,1990.0,435.0,1056.0,0.41200000000000003,58.0,199.0,0.29100000000000004,377.0,857.0,0.44,0.439,356.0,474.0,0.7509999999999999,66.0,170.0,236.0,223.0,110.0,7.0,167.0,98.0,1284.0,Shaquille O'Neal
231,1999-00,24.0,PHI,NBA,SG,70.0,70.0,2853.0,729.0,1733.0,0.42100000000000004,89.0,261.0,0.341,640.0,1472.0,0.435,0.446,442.0,620.0,0.713,71.0,196.0,267.0,328.0,144.0,5.0,230.0,162.0,1989.0,Shaquille O'Neal
232,2000-01,25.0,PHI,NBA,SG,71.0,71.0,2979.0,762.0,1813.0,0.42,98.0,306.0,0.32,664.0,1507.0,0.441,0.447,585.0,719.0,0.8140000000000001,50.0,223.0,273.0,325.0,178.0,20.0,237.0,147.0,2207.0,Shaquille O'Neal
233,2001-02,26.0,PHI,NBA,SG,60.0,59.0,2622.0,665.0,1669.0,0.39799999999999996,78.0,268.0,0.29100000000000004,587.0,1401.0,0.419,0.42200000000000004,475.0,585.0,0.812,44.0,225.0,269.0,331.0,168.0,13.0,237.0,102.0,1883.0,Shaquille O'Neal
234,2002-03,27.0,PHI,NBA,SG,82.0,82.0,3485.0,804.0,1940.0,0.414,84.0,303.0,0.27699999999999997,720.0,1637.0,0.44,0.436,570.0,736.0,0.774,68.0,276.0,344.0,454.0,225.0,13.0,286.0,149.0,2262.0,Shaquille O'Neal
235,2003-04,28.0,PHI,NBA,SG,48.0,47.0,2040.0,435.0,1125.0,0.387,57.0,199.0,0.28600000000000003,378.0,926.0,0.408,0.41200000000000003,339.0,455.0,0.745,34.0,144.0,178.0,324.0,115.0,5.0,209.0,87.0,1266.0,Shaquille O'Neal
236,2004-05,29.0,PHI,NBA,PG,75.0,75.0,3174.0,771.0,1818.0,0.424,104.0,338.0,0.308,667.0,1480.0,0.451,0.45299999999999996,656.0,786.0,0.835,51.0,248.0,299.0,596.0,180.0,9.0,344.0,140.0,2302.0,Shaquille O'Neal
237,2005-06,30.0,PHI,NBA,PG,72.0,72.0,3103.0,815.0,1822.0,0.447,72.0,223.0,0.32299999999999995,743.0,1599.0,0.465,0.467,675.0,829.0,0.8140000000000001,44.0,188.0,232.0,532.0,140.0,10.0,248.0,121.0,2377.0,Shaquille O'Neal
238,2006-07,31.0,TOT,NBA,SG-PG,65.0,64.0,2761.0,581.0,1313.0,0.442,62.0,197.0,0.315,519.0,1116.0,0.465,0.466,485.0,610.0,0.795,23.0,170.0,193.0,468.0,123.0,13.0,268.0,95.0,1709.0,Shaquille O'Neal
239,2006-07,31.0,PHI,NBA,PG,15.0,15.0,640.0,151.0,366.0,0.413,12.0,53.0,0.226,139.0,313.0,0.444,0.429,154.0,174.0,0.885,7.0,34.0,41.0,109.0,33.0,1.0,66.0,21.0,468.0,Shaquille O'Neal
240,2006-07,31.0,DEN,NBA,SG,50.0,49.0,2121.0,430.0,947.0,0.45399999999999996,50.0,144.0,0.34700000000000003,380.0,803.0,0.473,0.48,331.0,436.0,0.759,16.0,136.0,152.0,359.0,90.0,12.0,202.0,74.0,1241.0,Shaquille O'Neal
241,2007-08,32.0,DEN,NBA,SG,82.0,82.0,3424.0,712.0,1556.0,0.45799999999999996,95.0,275.0,0.345,617.0,1281.0,0.48200000000000004,0.488,645.0,797.0,0.809,47.0,196.0,243.0,586.0,160.0,12.0,245.0,109.0,2164.0,Shaquille O'Neal
242,2008-09,33.0,TOT,NBA,PG-SG,57.0,53.0,2093.0,348.0,834.0,0.41700000000000004,28.0,99.0,0.28300000000000003,320.0,735.0,0.435,0.434,271.0,347.0,0.7809999999999999,30.0,143.0,173.0,283.0,88.0,6.0,146.0,86.0,995.0,Shaquille O'Neal
243,2008-09,33.0,DEN,NBA,SG,3.0,3.0,123.0,18.0,40.0,0.45,2.0,8.0,0.25,16.0,32.0,0.5,0.475,18.0,25.0,0.72,3.0,5.0,8.0,20.0,3.0,1.0,10.0,3.0,56.0,Shaquille O'Neal
244,2008-09,33.0,DET,NBA,PG,54.0,50.0,1970.0,330.0,794.0,0.41600000000000004,26.0,91.0,0.28600000000000003,304.0,703.0,0.43200000000000005,0.43200000000000005,253.0,322.0,0.7859999999999999,27.0,138.0,165.0,263.0,85.0,5.0,136.0,83.0,939.0,Shaquille O'Neal
245,2009-10,34.0,TOT,NBA,SG-PG,28.0,24.0,865.0,136.0,316.0,0.43,9.0,25.0,0.36,127.0,291.0,0.436,0.445,104.0,131.0,0.794,16.0,63.0,79.0,113.0,19.0,2.0,64.0,48.0,385.0,Shaquille O'Neal
246,2009-10,34.0,MEM,NBA,PG,3.0,0.0,67.0,15.0,26.0,0.5770000000000001,1.0,1.0,1.0,14.0,25.0,0.56,0.596,6.0,12.0,0.5,1.0,3.0,4.0,11.0,1.0,0.0,7.0,5.0,37.0,Shaquille O'Neal
247,2009-10,34.0,PHI,NBA,SG,25.0,24.0,798.0,121.0,290.0,0.41700000000000004,8.0,24.0,0.33299999999999996,113.0,266.0,0.425,0.431,98.0,119.0,0.8240000000000001,15.0,60.0,75.0,102.0,18.0,2.0,57.0,43.0,348.0,Shaquille O'Neal
248,Career,,,NBA,,914.0,901.0,37584.0,8467.0,19906.0,0.425,1059.0,3383.0,0.313,7408.0,16523.0,0.44799999999999995,0.452,6375.0,8168.0,0.78,745.0,2649.0,3394.0,5624.0,1983.0,164.0,3262.0,1777.0,24368.0,Shaquille O'Neal
249,,,,,,,,,,,,,,,,,,,,,,,,,,,,,,,Shaquille O'Neal
250,12 seasons,,PHI,NBA,,722.0,717.0,29879.0,6962.0,16543.0,0.42100000000000004,885.0,2864.0,0.309,6077.0,13679.0,0.444,0.44799999999999995,5122.0,6576.0,0.779,651.0,2171.0,2822.0,4385.0,1644.0,134.0,2662.0,1503.0,19931.0,Shaquille O'Neal
251,3 seasons,,DEN,NBA,,135.0,134.0,5668.0,1160.0,2543.0,0.456,147.0,427.0,0.344,1013.0,2116.0,0.479,0.485,994.0,1258.0,0.79,66.0,337.0,403.0,965.0,253.0,25.0,457.0,186.0,3461.0,Shaquille O'Neal
252,1 season,,DET,NBA,,54.0,50.0,1970.0,330.0,794.0,0.41600000000000004,26.0,91.0,0.28600000000000003,304.0,703.0,0.43200000000000005,0.43200000000000005,253.0,322.0,0.7859999999999999,27.0,138.0,165.0,263.0,85.0,5.0,136.0,83.0,939.0,Shaquille O'Neal
253,1 season,,MEM,NBA,,3.0,0.0,67.0,15.0,26.0,0.5770000000000001,1.0,1.0,1.0,14.0,25.0,0.56,0.596,6.0,12.0,0.5,1.0,3.0,4.0,11.0,1.0,0.0,7.0,5.0,37.0,Shaquille O'Neal
254,1992-93,20.0,ORL,NBA,C,81.0,81.0,3071.0,733.0,1304.0,0.562,0.0,2.0,0.0,733.0,1302.0,0.563,0.562,427.0,721.0,0.5920000000000001,342.0,780.0,1122.0,152.0,60.0,286.0,307.0,321.0,1893.0,Karl Malone
255,1993-94,21.0,ORL,NBA,C,81.0,81.0,3224.0,953.0,1591.0,0.599,0.0,2.0,0.0,953.0,1589.0,0.6,0.599,471.0,850.0,0.5539999999999999,384.0,688.0,1072.0,195.0,76.0,231.0,222.0,281.0,2377.0,Karl Malone
256,1994-95,22.0,ORL,NBA,C,79.0,79.0,2923.0,930.0,1594.0,0.583,0.0,5.0,0.0,930.0,1589.0,0.585,0.583,455.0,854.0,0.5329999999999999,328.0,573.0,901.0,214.0,73.0,192.0,204.0,258.0,2315.0,Karl Malone
257,1995-96,23.0,ORL,NBA,C,54.0,52.0,1946.0,592.0,1033.0,0.573,1.0,2.0,0.5,591.0,1031.0,0.573,0.574,249.0,511.0,0.48700000000000004,182.0,414.0,596.0,155.0,34.0,115.0,155.0,193.0,1434.0,Karl Malone
258,1996-97,24.0,LAL,NBA,C,51.0,51.0,1941.0,552.0,991.0,0.557,0.0,4.0,0.0,552.0,987.0,0.5589999999999999,0.557,232.0,479.0,0.484,195.0,445.0,640.0,159.0,46.0,147.0,146.0,180.0,1336.0,Karl Malone
259,1997-98,25.0,LAL,NBA,C,60.0,57.0,2175.0,670.0,1147.0,0.584,0.0,0.0,,670.0,1147.0,0.584,0.584,359.0,681.0,0.527,208.0,473.0,681.0,142.0,39.0,144.0,175.0,193.0,1699.0,Karl Malone
260,1998-99,26.0,LAL,NBA,C,49.0,49.0,1705.0,510.0,885.0,0.5760000000000001,0.0,1.0,0.0,510.0,884.0,0.5770000000000001,0.5760000000000001,269.0,498.0,0.54,187.0,338.0,525.0,114.0,36.0,82.0,122.0,155.0,1289.0,Karl Malone
261,1999-00,27.0,LAL,NBA,C,79.0,79.0,3163.0,956.0,1665.0,0.574,0.0,1.0,0.0,956.0,1664.0,0.575,0.574,432.0,824.0,0.524,336.0,742.0,1078.0,299.0,36.0,239.0,223.0,255.0,2344.0,Karl Malone
262,2000-01,28.0,LAL,NBA,C,74.0,74.0,2924.0,813.0,1422.0,0.5720000000000001,0.0,2.0,0.0,813.0,1420.0,0.573,0.5720000000000001,499.0,972.0,0.513,291.0,649.0,940.0,277.0,47.0,204.0,218.0,256.0,2125.0,Karl Malone
263,2001-02,29.0,LAL,NBA,C,67.0,66.0,2422.0,712.0,1229.0,0.579,0.0,1.0,0.0,712.0,1228.0,0.58,0.579,398.0,717.0,0.555,235.0,480.0,715.0,200.0,41.0,137.0,171.0,199.0,1822.0,Karl Malone
264,2002-03,30.0,LAL,NBA,C,67.0,66.0,2535.0,695.0,1211.0,0.574,0.0,0.0,,695.0,1211.0,0.574,0.574,451.0,725.0,0.622,259.0,483.0,742.0,206.0,38.0,159.0,196.0,229.0,1841.0,Karl Malone
265,2003-04,31.0,LAL,NBA,C,67.0,67.0,2464.0,554.0,948.0,0.584,0.0,0.0,,554.0,948.0,0.584,0.584,331.0,676.0,0.49,246.0,523.0,769.0,196.0,34.0,166.0,195.0,225.0,1439.0,Karl Malone
266,2004-05,32.0,MIA,NBA,C,73.0,73.0,2492.0,658.0,1095.0,0.601,0.0,0.0,,658.0,1095.0,0.601,0.601,353.0,765.0,0.461,253.0,507.0,760.0,200.0,36.0,171.0,203.0,262.0,1669.0,Karl Malone
267,2005-06,33.0,MIA,NBA,C,59.0,58.0,1806.0,480.0,800.0,0.6,0.0,0.0,,480.0,800.0,0.6,0.6,221.0,471.0,0.469,172.0,369.0,541.0,113.0,23.0,104.0,168.0,230.0,1181.0,Karl Malone
268,2006-07,34.0,MIA,NBA,C,40.0,39.0,1135.0,283.0,479.0,0.591,0.0,0.0,,283.0,479.0,0.591,0.591,124.0,294.0,0.42200000000000004,97.0,200.0,297.0,79.0,8.0,55.0,95.0,139.0,690.0,Karl Malone
269,2007-08,35.0,TOT,NBA,C,61.0,61.0,1748.0,331.0,558.0,0.593,0.0,0.0,,331.0,558.0,0.593,0.593,170.0,338.0,0.503,166.0,388.0,554.0,93.0,32.0,88.0,181.0,228.0,832.0,Karl Malone
270,2007-08,35.0,MIA,NBA,C,33.0,33.0,945.0,191.0,329.0,0.581,0.0,0.0,,191.0,329.0,0.581,0.581,88.0,178.0,0.494,99.0,159.0,258.0,45.0,19.0,54.0,98.0,134.0,470.0,Karl Malone
271,2007-08,35.0,PHO,NBA,C,28.0,28.0,803.0,140.0,229.0,0.611,0.0,0.0,,140.0,229.0,0.611,0.611,82.0,160.0,0.513,67.0,229.0,296.0,48.0,13.0,34.0,83.0,94.0,362.0,Karl Malone
272,2008-09,36.0,PHO,NBA,C,75.0,75.0,2252.0,512.0,841.0,0.609,0.0,1.0,0.0,512.0,840.0,0.61,0.609,309.0,519.0,0.595,187.0,446.0,633.0,126.0,49.0,108.0,168.0,253.0,1333.0,Karl Malone
273,2009-10,37.0,CLE,NBA,C,53.0,53.0,1240.0,262.0,463.0,0.5660000000000001,0.0,1.0,0.0,262.0,462.0,0.5670000000000001,0.5660000000000001,112.0,226.0,0.496,93.0,262.0,355.0,80.0,15.0,62.0,105.0,169.0,636.0,Karl Malone
274,2010-11,38.0,BOS,NBA,C,37.0,36.0,752.0,134.0,201.0,0.667,0.0,0.0,,134.0,201.0,0.667,0.667,73.0,131.0,0.557,48.0,130.0,178.0,26.0,16.0,42.0,56.0,120.0,341.0,Karl Malone
275,Career,,,NBA,,1207.0,1197.0,41918.0,11330.0,19457.0,0.5820000000000001,1.0,22.0,0.045,11329.0,19435.0,0.583,0.5820000000000001,5935.0,11252.0,0.527,4209.0,8890.0,13099.0,3026.0,739.0,2732.0,3310.0,4146.0,28596.0,Karl Malone
276,,,,,,,,,,,,,,,,,,,,,,,,,,,,,,,Karl Malone
277,8 seasons,,LAL,NBA,,514.0,509.0,19329.0,5462.0,9498.0,0.575,0.0,9.0,0.0,5462.0,9489.0,0.5760000000000001,0.575,2971.0,5572.0,0.5329999999999999,1957.0,4133.0,6090.0,1593.0,317.0,1278.0,1446.0,1692.0,13895.0,Karl Malone
278,4 seasons,,ORL,NBA,,295.0,293.0,11164.0,3208.0,5522.0,0.581,1.0,11.0,0.091,3207.0,5511.0,0.5820000000000001,0.581,1602.0,2936.0,0.546,1236.0,2455.0,3691.0,716.0,243.0,824.0,888.0,1053.0,8019.0,Karl Malone
279,4 seasons,,MIA,NBA,,205.0,203.0,6378.0,1612.0,2703.0,0.596,0.0,0.0,,1612.0,2703.0,0.596,0.596,786.0,1708.0,0.46,621.0,1235.0,1856.0,437.0,86.0,384.0,564.0,765.0,4010.0,Karl Malone
280,2 seasons,,PHO,NBA,,103.0,103.0,3055.0,652.0,1070.0,0.609,0.0,1.0,0.0,652.0,1069.0,0.61,0.609,391.0,679.0,0.5760000000000001,254.0,675.0,929.0,174.0,62.0,142.0,251.0,347.0,1695.0,Karl Malone
281,1 season,,CLE,NBA,,53.0,53.0,1240.0,262.0,463.0,0.5660000000000001,0.0,1.0,0.0,262.0,462.0,0.5670000000000001,0.5660000000000001,112.0,226.0,0.496,93.0,262.0,355.0,80.0,15.0,62.0,105.0,169.0,636.0,Karl Malone
282,1 season,,BOS,NBA,,37.0,36.0,752.0,134.0,201.0,0.667,0.0,0.0,,134.0,201.0,0.667,0.667,73.0,131.0,0.557,48.0,130.0,178.0,26.0,16.0,42.0,56.0,120.0,341.0,Karl Malone
283,1985-86,22.0,UTA,NBA,PF,81.0,76.0,2475.0,504.0,1016.0,0.496,0.0,2.0,0.0,504.0,1014.0,0.49700000000000005,0.496,195.0,405.0,0.48100000000000004,174.0,544.0,718.0,236.0,105.0,44.0,279.0,295.0,1203.0,Michael Jordan
284,1986-87,23.0,UTA,NBA,PF,82.0,82.0,2857.0,728.0,1422.0,0.512,0.0,7.0,0.0,728.0,1415.0,0.514,0.512,323.0,540.0,0.598,278.0,577.0,855.0,158.0,104.0,60.0,237.0,323.0,1779.0,Michael Jordan
285,1987-88,24.0,UTA,NBA,PF,82.0,82.0,3198.0,858.0,1650.0,0.52,0.0,5.0,0.0,858.0,1645.0,0.522,0.52,552.0,789.0,0.7,277.0,709.0,986.0,199.0,117.0,50.0,325.0,296.0,2268.0,Michael Jordan
286,1988-89,25.0,UTA,NBA,PF,80.0,80.0,3126.0,809.0,1559.0,0.519,5.0,16.0,0.313,804.0,1543.0,0.521,0.521,703.0,918.0,0.7659999999999999,259.0,594.0,853.0,219.0,144.0,70.0,285.0,286.0,2326.0,Michael Jordan
287,1989-90,26.0,UTA,NBA,PF,82.0,82.0,3122.0,914.0,1627.0,0.562,16.0,43.0,0.37200000000000005,898.0,1584.0,0.5670000000000001,0.5670000000000001,696.0,913.0,0.762,232.0,679.0,911.0,226.0,121.0,50.0,304.0,259.0,2540.0,Michael Jordan
288,1990-91,27.0,UTA,NBA,PF,82.0,82.0,3302.0,847.0,1608.0,0.527,4.0,14.0,0.28600000000000003,843.0,1594.0,0.529,0.528,684.0,888.0,0.77,236.0,731.0,967.0,270.0,89.0,79.0,244.0,268.0,2382.0,Michael Jordan
289,1991-92,28.0,UTA,NBA,PF,81.0,81.0,3054.0,798.0,1516.0,0.526,3.0,17.0,0.17600000000000002,795.0,1499.0,0.53,0.527,673.0,865.0,0.778,225.0,684.0,909.0,241.0,108.0,51.0,248.0,226.0,2272.0,Michael Jordan
290,1992-93,29.0,UTA,NBA,PF,82.0,82.0,3099.0,797.0,1443.0,0.552,4.0,20.0,0.2,793.0,1423.0,0.557,0.5539999999999999,619.0,836.0,0.74,227.0,692.0,919.0,308.0,124.0,85.0,240.0,261.0,2217.0,Michael Jordan
291,1993-94,30.0,UTA,NBA,PF,82.0,82.0,3329.0,772.0,1552.0,0.49700000000000005,8.0,32.0,0.25,764.0,1520.0,0.503,0.5,511.0,736.0,0.6940000000000001,235.0,705.0,940.0,328.0,125.0,126.0,234.0,268.0,2063.0,Michael Jordan
292,1994-95,31.0,UTA,NBA,PF,82.0,82.0,3126.0,830.0,1548.0,0.536,11.0,41.0,0.268,819.0,1507.0,0.5429999999999999,0.54,516.0,695.0,0.742,156.0,715.0,871.0,285.0,129.0,85.0,236.0,269.0,2187.0,Michael Jordan
293,1995-96,32.0,UTA,NBA,PF,82.0,82.0,3113.0,789.0,1520.0,0.519,16.0,40.0,0.4,773.0,1480.0,0.522,0.524,512.0,708.0,0.723,175.0,629.0,804.0,345.0,138.0,56.0,199.0,245.0,2106.0,Michael Jordan
294,1996-97,33.0,UTA,NBA,PF,82.0,82.0,2998.0,864.0,1571.0,0.55,0.0,13.0,0.0,864.0,1558.0,0.555,0.55,521.0,690.0,0.755,193.0,616.0,809.0,368.0,113.0,48.0,233.0,217.0,2249.0,Michael Jordan
295,1997-98,34.0,UTA,NBA,PF,81.0,81.0,3030.0,780.0,1472.0,0.53,2.0,6.0,0.33299999999999996,778.0,1466.0,0.531,0.531,628.0,825.0,0.7609999999999999,189.0,645.0,834.0,316.0,96.0,70.0,247.0,237.0,2190.0,Michael Jordan
296,1998-99,35.0,UTA,NBA,PF,49.0,49.0,1832.0,393.0,797.0,0.493,0.0,1.0,0.0,393.0,796.0,0.494,0.493,378.0,480.0,0.7879999999999999,107.0,356.0,463.0,201.0,62.0,28.0,162.0,134.0,1164.0,Michael Jordan
297,1999-00,36.0,UTA,NBA,PF,82.0,82.0,2947.0,752.0,1476.0,0.509,2.0,8.0,0.25,750.0,1468.0,0.511,0.51,589.0,739.0,0.797,169.0,610.0,779.0,304.0,79.0,71.0,231.0,229.0,2095.0,Michael Jordan
298,2000-01,37.0,UTA,NBA,PF,81.0,81.0,2895.0,670.0,1345.0,0.498,2.0,5.0,0.4,668.0,1340.0,0.499,0.499,536.0,676.0,0.7929999999999999,114.0,555.0,669.0,361.0,93.0,62.0,244.0,216.0,1878.0,Michael Jordan
299,2001-02,38.0,UTA,NBA,PF,80.0,80.0,3040.0,635.0,1399.0,0.45399999999999996,9.0,25.0,0.36,626.0,1374.0,0.456,0.457,509.0,639.0,0.797,142.0,544.0,686.0,341.0,152.0,59.0,263.0,229.0,1788.0,Michael Jordan
300,2002-03,39.0,UTA,NBA,PF,81.0,81.0,2936.0,595.0,1289.0,0.462,3.0,14.0,0.214,592.0,1275.0,0.46399999999999997,0.46299999999999997,474.0,621.0,0.763,113.0,515.0,628.0,379.0,136.0,31.0,210.0,204.0,1667.0,Michael Jordan
301,2003-04,40.0,LAL,NBA,PF,42.0,42.0,1373.0,193.0,400.0,0.483,0.0,1.0,0.0,193.0,399.0,0.484,0.483,168.0,225.0,0.747,61.0,306.0,367.0,163.0,50.0,20.0,103.0,116.0,554.0,Michael Jordan
302,Career,,,NBA,,1476.0,1471.0,54852.0,13528.0,26210.0,0.516,85.0,310.0,0.27399999999999997,13443.0,25900.0,0.519,0.518,9787.0,13188.0,0.742,3562.0,11406.0,14968.0,5248.0,2085.0,1145.0,4524.0,4578.0,36928.0,Michael Jordan
303,,,,,,,,,,,,,,,,,,,,,,,,,,,,,,,Michael Jordan
304,18 seasons,,UTA,NBA,,1434.0,1429.0,53479.0,13335.0,25810.0,0.517,85.0,309.0,0.275,13250.0,25501.0,0.52,0.518,9619.0,12963.0,0.742,3501.0,11100.0,14601.0,5085.0,2035.0,1125.0,4421.0,4462.0,36374.0,Michael Jordan
305,1 season,,LAL,NBA,,42.0,42.0,1373.0,193.0,400.0,0.483,0.0,1.0,0.0,193.0,399.0,0.484,0.483,168.0,225.0,0.747,61.0,306.0,367.0,163.0,50.0,20.0,103.0,116.0,554.0,Michael Jordan
306,1984-85,21.0,CHI,NBA,SG,82.0,82.0,3144.0,837.0,1625.0,0.515,9.0,52.0,0.17300000000000001,828.0,1573.0,0.526,0.518,630.0,746.0,0.845,167.0,367.0,534.0,481.0,196.0,69.0,291.0,285.0,2313.0,David Robinson
307,1985-86,22.0,CHI,NBA,SG,18.0,7.0,451.0,150.0,328.0,0.457,3.0,18.0,0.16699999999999998,147.0,310.0,0.474,0.462,105.0,125.0,0.84,23.0,41.0,64.0,53.0,37.0,21.0,45.0,46.0,408.0,David Robinson
308,1986-87,23.0,CHI,NBA,SG,82.0,82.0,3281.0,1098.0,2279.0,0.48200000000000004,12.0,66.0,0.182,1086.0,2213.0,0.491,0.484,833.0,972.0,0.857,166.0,264.0,430.0,377.0,236.0,125.0,272.0,237.0,3041.0,David Robinson
309,1987-88,24.0,CHI,NBA,SG,82.0,82.0,3311.0,1069.0,1998.0,0.535,7.0,53.0,0.132,1062.0,1945.0,0.546,0.537,723.0,860.0,0.841,139.0,310.0,449.0,485.0,259.0,131.0,252.0,270.0,2868.0,David Robinson
310,1988-89,25.0,CHI,NBA,SG,81.0,81.0,3255.0,966.0,1795.0,0.5379999999999999,27.0,98.0,0.276,939.0,1697.0,0.5529999999999999,0.546,674.0,793.0,0.85,149.0,503.0,652.0,650.0,234.0,65.0,290.0,247.0,2633.0,David Robinson
311,1989-90,26.0,CHI,NBA,SG,82.0,82.0,3197.0,1034.0,1964.0,0.526,92.0,245.0,0.376,942.0,1719.0,0.5479999999999999,0.55,593.0,699.0,0.848,143.0,422.0,565.0,519.0,227.0,54.0,247.0,241.0,2753.0,David Robinson
312,1990-91,27.0,CHI,NBA,SG,82.0,82.0,3034.0,990.0,1837.0,0.539,29.0,93.0,0.312,961.0,1744.0,0.551,0.547,571.0,671.0,0.851,118.0,374.0,492.0,453.0,223.0,83.0,202.0,229.0,2580.0,David Robinson
313,1991-92,28.0,CHI,NBA,SG,80.0,80.0,3102.0,943.0,1818.0,0.519,27.0,100.0,0.27,916.0,1718.0,0.5329999999999999,0.526,491.0,590.0,0.8320000000000001,91.0,420.0,511.0,489.0,182.0,75.0,200.0,201.0,2404.0,David Robinson
314,1992-93,29.0,CHI,NBA,SG,78.0,78.0,3067.0,992.0,2003.0,0.495,81.0,230.0,0.35200000000000004,911.0,1773.0,0.514,0.515,476.0,569.0,0.8370000000000001,135.0,387.0,522.0,428.0,221.0,61.0,207.0,188.0,2541.0,David Robinson
315,1994-95,31.0,CHI,NBA,SG,17.0,17.0,668.0,166.0,404.0,0.41100000000000003,16.0,32.0,0.5,150.0,372.0,0.40299999999999997,0.431,109.0,136.0,0.8009999999999999,25.0,92.0,117.0,90.0,30.0,13.0,35.0,47.0,457.0,David Robinson
316,1995-96,32.0,CHI,NBA,SG,82.0,82.0,3090.0,916.0,1850.0,0.495,111.0,260.0,0.42700000000000005,805.0,1590.0,0.506,0.525,548.0,657.0,0.8340000000000001,148.0,395.0,543.0,352.0,180.0,42.0,197.0,195.0,2491.0,David Robinson
317,1996-97,33.0,CHI,NBA,SG,82.0,82.0,3106.0,920.0,1892.0,0.486,111.0,297.0,0.374,809.0,1595.0,0.507,0.516,480.0,576.0,0.833,113.0,369.0,482.0,352.0,140.0,44.0,166.0,156.0,2431.0,David Robinson
318,1997-98,34.0,CHI,NBA,SG,82.0,82.0,3181.0,881.0,1893.0,0.465,30.0,126.0,0.23800000000000002,851.0,1767.0,0.48200000000000004,0.473,565.0,721.0,0.784,130.0,345.0,475.0,283.0,141.0,45.0,185.0,151.0,2357.0,David Robinson
319,2001-02,38.0,WAS,NBA,SF,60.0,53.0,2093.0,551.0,1324.0,0.41600000000000004,10.0,53.0,0.18899999999999997,541.0,1271.0,0.426,0.42,263.0,333.0,0.79,50.0,289.0,339.0,310.0,85.0,26.0,162.0,119.0,1375.0,David Robinson
320,2002-03,39.0,WAS,NBA,SF,82.0,67.0,3031.0,679.0,1527.0,0.445,16.0,55.0,0.29100000000000004,663.0,1472.0,0.45,0.45,266.0,324.0,0.821,71.0,426.0,497.0,311.0,123.0,39.0,173.0,171.0,1640.0,David Robinson
321,Career,,,NBA,,1072.0,1039.0,41011.0,12192.0,24537.0,0.49700000000000005,581.0,1778.0,0.327,11611.0,22759.0,0.51,0.509,7327.0,8772.0,0.835,1668.0,5004.0,6672.0,5633.0,2514.0,893.0,2924.0,2783.0,32292.0,David Robinson
322,,,,,,,,,,,,,,,,,,,,,,,,,,,,,,,David Robinson
323,13 seasons,,CHI,NBA,,930.0,919.0,35887.0,10962.0,21686.0,0.505,555.0,1670.0,0.332,10407.0,20016.0,0.52,0.518,6798.0,8115.0,0.838,1547.0,4289.0,5836.0,5012.0,2306.0,828.0,2589.0,2493.0,29277.0,David Robinson
324,2 seasons,,WAS,NBA,,142.0,120.0,5124.0,1230.0,2851.0,0.431,26.0,108.0,0.24100000000000002,1204.0,2743.0,0.439,0.436,529.0,657.0,0.805,121.0,715.0,836.0,621.0,208.0,65.0,335.0,290.0,3015.0,David Robinson
325,1989-90,24.0,SAS,NBA,C,82.0,81.0,3002.0,690.0,1300.0,0.531,0.0,2.0,0.0,690.0,1298.0,0.532,0.531,613.0,837.0,0.732,303.0,680.0,983.0,164.0,138.0,319.0,257.0,259.0,1993.0,Hakeem Olajuwon
326,1990-91,25.0,SAS,NBA,C,82.0,81.0,3095.0,754.0,1366.0,0.552,1.0,7.0,0.14300000000000002,753.0,1359.0,0.5539999999999999,0.552,592.0,777.0,0.762,335.0,728.0,1063.0,208.0,127.0,320.0,270.0,264.0,2101.0,Hakeem Olajuwon
327,1991-92,26.0,SAS,NBA,C,68.0,68.0,2564.0,592.0,1074.0,0.551,1.0,8.0,0.125,591.0,1066.0,0.5539999999999999,0.552,393.0,561.0,0.701,261.0,568.0,829.0,181.0,158.0,305.0,182.0,219.0,1578.0,Hakeem Olajuwon
328,1992-93,27.0,SAS,NBA,C,82.0,82.0,3211.0,676.0,1348.0,0.501,3.0,17.0,0.17600000000000002,673.0,1331.0,0.506,0.503,561.0,766.0,0.732,229.0,727.0,956.0,301.0,127.0,264.0,241.0,239.0,1916.0,Hakeem Olajuwon
329,1993-94,28.0,SAS,NBA,C,80.0,80.0,3241.0,840.0,1658.0,0.507,10.0,29.0,0.345,830.0,1629.0,0.51,0.51,693.0,925.0,0.7490000000000001,241.0,614.0,855.0,381.0,139.0,265.0,253.0,228.0,2383.0,Hakeem Olajuwon
330,1994-95,29.0,SAS,NBA,C,81.0,81.0,3074.0,788.0,1487.0,0.53,6.0,20.0,0.3,782.0,1467.0,0.5329999999999999,0.532,656.0,847.0,0.774,234.0,643.0,877.0,236.0,134.0,262.0,233.0,230.0,2238.0,Hakeem Olajuwon
331,1995-96,30.0,SAS,NBA,C,82.0,82.0,3019.0,711.0,1378.0,0.516,3.0,9.0,0.33299999999999996,708.0,1369.0,0.517,0.517,626.0,823.0,0.7609999999999999,319.0,681.0,1000.0,247.0,111.0,271.0,190.0,262.0,2051.0,Hakeem Olajuwon
332,1996-97,31.0,SAS,NBA,C,6.0,6.0,147.0,36.0,72.0,0.5,0.0,0.0,,36.0,72.0,0.5,0.5,34.0,52.0,0.654,19.0,32.0,51.0,8.0,6.0,6.0,8.0,9.0,106.0,Hakeem Olajuwon
333,1997-98,32.0,SAS,NBA,C,73.0,73.0,2457.0,544.0,1065.0,0.511,1.0,4.0,0.25,543.0,1061.0,0.512,0.511,485.0,660.0,0.735,239.0,536.0,775.0,199.0,64.0,192.0,202.0,204.0,1574.0,Hakeem Olajuwon
334,1998-99,33.0,SAS,NBA,C,49.0,49.0,1554.0,268.0,527.0,0.509,0.0,1.0,0.0,268.0,526.0,0.51,0.509,239.0,363.0,0.6579999999999999,148.0,344.0,492.0,103.0,69.0,119.0,108.0,143.0,775.0,Hakeem Olajuwon
335,1999-00,34.0,SAS,NBA,C,80.0,80.0,2557.0,528.0,1031.0,0.512,0.0,2.0,0.0,528.0,1029.0,0.513,0.512,371.0,511.0,0.726,193.0,577.0,770.0,142.0,97.0,183.0,164.0,247.0,1427.0,Hakeem Olajuwon
336,2000-01,35.0,SAS,NBA,C,80.0,80.0,2371.0,400.0,823.0,0.486,0.0,1.0,0.0,400.0,822.0,0.48700000000000004,0.486,351.0,470.0,0.747,208.0,483.0,691.0,116.0,80.0,197.0,122.0,212.0,1151.0,Hakeem Olajuwon
337,2001-02,36.0,SAS,NBA,C,78.0,78.0,2303.0,341.0,672.0,0.507,0.0,0.0,,341.0,672.0,0.507,0.507,269.0,395.0,0.6809999999999999,191.0,456.0,647.0,94.0,86.0,140.0,104.0,193.0,951.0,Hakeem Olajuwon
338,2002-03,37.0,SAS,NBA,C,64.0,64.0,1676.0,197.0,420.0,0.469,0.0,0.0,,197.0,420.0,0.469,0.469,152.0,214.0,0.71,163.0,345.0,508.0,61.0,52.0,111.0,83.0,126.0,546.0,Hakeem Olajuwon
339,Career,,,NBA,,987.0,985.0,34271.0,7365.0,14221.0,0.518,25.0,100.0,0.25,7340.0,14121.0,0.52,0.519,6035.0,8201.0,0.736,3083.0,7414.0,10497.0,2441.0,1388.0,2954.0,2417.0,2835.0,20790.0,Hakeem Olajuwon
340,1984-85,22.0,HOU,NBA,C,82.0,82.0,2914.0,677.0,1258.0,0.5379999999999999,0.0,0.0,,677.0,1258.0,0.5379999999999999,0.5379999999999999,338.0,551.0,0.613,440.0,534.0,974.0,111.0,99.0,220.0,234.0,344.0,1692.0,Charles Barkley
341,1985-86,23.0,HOU,NBA,C,68.0,68.0,2467.0,625.0,1188.0,0.526,0.0,0.0,,625.0,1188.0,0.526,0.526,347.0,538.0,0.645,333.0,448.0,781.0,137.0,134.0,231.0,195.0,271.0,1597.0,Charles Barkley
342,1986-87,24.0,HOU,NBA,C,75.0,75.0,2760.0,677.0,1332.0,0.508,1.0,5.0,0.2,676.0,1327.0,0.509,0.509,400.0,570.0,0.7020000000000001,315.0,543.0,858.0,220.0,140.0,254.0,228.0,294.0,1755.0,Charles Barkley
343,1987-88,25.0,HOU,NBA,C,79.0,79.0,2825.0,712.0,1385.0,0.514,0.0,4.0,0.0,712.0,1381.0,0.516,0.514,381.0,548.0,0.695,302.0,657.0,959.0,163.0,162.0,214.0,243.0,324.0,1805.0,Charles Barkley
344,1988-89,26.0,HOU,NBA,C,82.0,82.0,3024.0,790.0,1556.0,0.508,0.0,10.0,0.0,790.0,1546.0,0.511,0.508,454.0,652.0,0.696,338.0,767.0,1105.0,149.0,213.0,282.0,275.0,329.0,2034.0,Charles Barkley
345,1989-90,27.0,HOU,NBA,C,82.0,82.0,3124.0,806.0,1609.0,0.501,1.0,6.0,0.16699999999999998,805.0,1603.0,0.502,0.501,382.0,536.0,0.713,299.0,850.0,1149.0,234.0,174.0,376.0,316.0,314.0,1995.0,Charles Barkley
346,1990-91,28.0,HOU,NBA,C,56.0,50.0,2062.0,487.0,959.0,0.508,0.0,4.0,0.0,487.0,955.0,0.51,0.508,213.0,277.0,0.769,219.0,551.0,770.0,131.0,121.0,221.0,174.0,221.0,1187.0,Charles Barkley
347,1991-92,29.0,HOU,NBA,C,70.0,69.0,2636.0,591.0,1177.0,0.502,0.0,1.0,0.0,591.0,1176.0,0.503,0.502,328.0,428.0,0.7659999999999999,246.0,599.0,845.0,157.0,127.0,304.0,187.0,263.0,1510.0,Charles Barkley
348,1992-93,30.0,HOU,NBA,C,82.0,82.0,3242.0,848.0,1603.0,0.529,0.0,8.0,0.0,848.0,1595.0,0.532,0.529,444.0,570.0,0.779,283.0,785.0,1068.0,291.0,150.0,342.0,262.0,305.0,2140.0,Charles Barkley
349,1993-94,31.0,HOU,NBA,C,80.0,80.0,3277.0,894.0,1694.0,0.528,8.0,19.0,0.42100000000000004,886.0,1675.0,0.529,0.53,388.0,542.0,0.716,229.0,726.0,955.0,287.0,128.0,297.0,271.0,289.0,2184.0,Charles Barkley
350,1994-95,32.0,HOU,NBA,C,72.0,72.0,2853.0,798.0,1545.0,0.517,3.0,16.0,0.188,795.0,1529.0,0.52,0.517,406.0,537.0,0.7559999999999999,172.0,603.0,775.0,255.0,133.0,242.0,237.0,250.0,2005.0,Charles Barkley
351,1995-96,33.0,HOU,NBA,C,72.0,72.0,2797.0,768.0,1494.0,0.514,3.0,14.0,0.214,765.0,1480.0,0.517,0.515,397.0,548.0,0.7240000000000001,176.0,608.0,784.0,257.0,113.0,207.0,247.0,242.0,1936.0,Charles Barkley
352,1996-97,34.0,HOU,NBA,C,78.0,78.0,2852.0,727.0,1426.0,0.51,5.0,16.0,0.313,722.0,1410.0,0.512,0.512,351.0,446.0,0.787,173.0,543.0,716.0,236.0,117.0,173.0,281.0,249.0,1810.0,Charles Barkley
353,1997-98,35.0,HOU,NBA,C,47.0,45.0,1633.0,306.0,633.0,0.483,0.0,3.0,0.0,306.0,630.0,0.486,0.483,160.0,212.0,0.755,116.0,344.0,460.0,143.0,84.0,96.0,126.0,152.0,772.0,Charles Barkley
354,1998-99,36.0,HOU,NBA,C,50.0,50.0,1784.0,373.0,725.0,0.514,4.0,13.0,0.308,369.0,712.0,0.518,0.517,195.0,272.0,0.7170000000000001,106.0,372.0,478.0,88.0,82.0,123.0,139.0,160.0,945.0,Charles Barkley
355,1999-00,37.0,HOU,NBA,C,44.0,28.0,1049.0,193.0,421.0,0.45799999999999996,0.0,2.0,0.0,193.0,419.0,0.461,0.45799999999999996,69.0,112.0,0.616,65.0,209.0,274.0,61.0,41.0,70.0,73.0,88.0,455.0,Charles Barkley
356,2000-01,38.0,HOU,NBA,C,58.0,55.0,1545.0,283.0,568.0,0.498,0.0,1.0,0.0,283.0,567.0,0.499,0.498,123.0,198.0,0.621,124.0,307.0,431.0,72.0,70.0,88.0,81.0,141.0,689.0,Charles Barkley
357,2001-02,39.0,TOR,NBA,C,61.0,37.0,1378.0,194.0,418.0,0.46399999999999997,0.0,2.0,0.0,194.0,416.0,0.466,0.46399999999999997,47.0,84.0,0.56,98.0,268.0,366.0,66.0,74.0,90.0,98.0,147.0,435.0,Charles Barkley
358,Career,,,NBA,,1238.0,1186.0,44222.0,10749.0,20991.0,0.512,25.0,124.0,0.20199999999999999,10724.0,20867.0,0.514,0.513,5423.0,7621.0,0.7120000000000001,4034.0,9714.0,13748.0,3058.0,2162.0,3830.0,3667.0,4383.0,26946.0,Charles Barkley
359,,,,,,,,,,,,,,,,,,,,,,,,,,,,,,,Charles Barkley
360,17 seasons,,HOU,NBA,,1177.0,1149.0,42844.0,10555.0,20573.0,0.513,25.0,122.0,0.205,10530.0,20451.0,0.515,0.514,5376.0,7537.0,0.713,3936.0,9446.0,13382.0,2992.0,2088.0,3740.0,3569.0,4236.0,26511.0,Charles Barkley
361,1 season,,TOR,NBA,,61.0,37.0,1378.0,194.0,418.0,0.46399999999999997,0.0,2.0,0.0,194.0,416.0,0.466,0.46399999999999997,47.0,84.0,0.56,98.0,268.0,366.0,66.0,74.0,90.0,98.0,147.0,435.0,Charles Barkley
362,1984-85,21.0,PHI,NBA,PF,82.0,60.0,2347.0,427.0,783.0,0.545,1.0,6.0,0.16699999999999998,426.0,777.0,0.5479999999999999,0.546,293.0,400.0,0.733,266.0,437.0,703.0,155.0,95.0,80.0,209.0,301.0,1148.0,Magic Johnson
363,1985-86,22.0,PHI,NBA,PF,80.0,80.0,2952.0,595.0,1041.0,0.5720000000000001,17.0,75.0,0.22699999999999998,578.0,966.0,0.598,0.58,396.0,578.0,0.685,354.0,672.0,1026.0,312.0,173.0,125.0,350.0,333.0,1603.0,Magic Johnson
364,1986-87,23.0,PHI,NBA,PF,68.0,62.0,2740.0,557.0,937.0,0.594,21.0,104.0,0.20199999999999999,536.0,833.0,0.643,0.606,429.0,564.0,0.7609999999999999,390.0,604.0,994.0,331.0,119.0,104.0,322.0,252.0,1564.0,Magic Johnson
365,1987-88,24.0,PHI,NBA,PF,80.0,80.0,3170.0,753.0,1283.0,0.5870000000000001,44.0,157.0,0.28,709.0,1126.0,0.63,0.604,714.0,951.0,0.7509999999999999,385.0,566.0,951.0,254.0,100.0,103.0,304.0,278.0,2264.0,Magic Johnson
366,1988-89,25.0,PHI,NBA,PF,79.0,79.0,3088.0,700.0,1208.0,0.579,35.0,162.0,0.21600000000000003,665.0,1046.0,0.636,0.594,602.0,799.0,0.753,403.0,583.0,986.0,325.0,126.0,67.0,254.0,262.0,2037.0,Magic Johnson
367,1989-90,26.0,PHI,NBA,SF,79.0,79.0,3085.0,706.0,1177.0,0.6,20.0,92.0,0.217,686.0,1085.0,0.632,0.608,557.0,744.0,0.7490000000000001,361.0,548.0,909.0,307.0,148.0,50.0,243.0,250.0,1989.0,Magic Johnson
368,1990-91,27.0,PHI,NBA,SF,67.0,67.0,2498.0,665.0,1167.0,0.57,44.0,155.0,0.284,621.0,1012.0,0.614,0.589,475.0,658.0,0.722,258.0,422.0,680.0,284.0,110.0,33.0,210.0,173.0,1849.0,Magic Johnson
369,1991-92,28.0,PHI,NBA,SF,75.0,75.0,2881.0,622.0,1126.0,0.552,32.0,137.0,0.23399999999999999,590.0,989.0,0.597,0.5670000000000001,454.0,653.0,0.695,271.0,559.0,830.0,308.0,136.0,44.0,235.0,196.0,1730.0,Magic Johnson
370,1992-93,29.0,PHO,NBA,PF,76.0,76.0,2859.0,716.0,1376.0,0.52,67.0,220.0,0.305,649.0,1156.0,0.561,0.545,445.0,582.0,0.765,237.0,691.0,928.0,385.0,119.0,74.0,233.0,196.0,1944.0,Magic Johnson
371,1993-94,30.0,PHO,NBA,PF,65.0,65.0,2298.0,518.0,1046.0,0.495,48.0,178.0,0.27,470.0,868.0,0.541,0.518,318.0,452.0,0.7040000000000001,198.0,529.0,727.0,296.0,101.0,37.0,206.0,160.0,1402.0,Magic Johnson
372,1994-95,31.0,PHO,NBA,PF,68.0,66.0,2382.0,554.0,1141.0,0.486,74.0,219.0,0.33799999999999997,480.0,922.0,0.521,0.518,379.0,507.0,0.748,203.0,553.0,756.0,276.0,110.0,45.0,150.0,201.0,1561.0,Magic Johnson
373,1995-96,32.0,PHO,NBA,PF,71.0,71.0,2632.0,580.0,1160.0,0.5,49.0,175.0,0.28,531.0,985.0,0.539,0.521,440.0,566.0,0.777,243.0,578.0,821.0,262.0,114.0,56.0,218.0,208.0,1649.0,Magic Johnson
374,1996-97,33.0,HOU,NBA,PF,53.0,53.0,2009.0,335.0,692.0,0.484,58.0,205.0,0.28300000000000003,277.0,487.0,0.569,0.526,288.0,415.0,0.6940000000000001,212.0,504.0,716.0,248.0,69.0,25.0,151.0,153.0,1016.0,Magic Johnson
375,1997-98,34.0,HOU,NBA,PF,68.0,41.0,2243.0,361.0,744.0,0.485,18.0,84.0,0.214,343.0,660.0,0.52,0.49700000000000005,296.0,397.0,0.746,241.0,553.0,794.0,217.0,71.0,28.0,147.0,187.0,1036.0,Magic Johnson
376,1998-99,35.0,HOU,NBA,PF,42.0,40.0,1526.0,240.0,502.0,0.478,4.0,25.0,0.16,236.0,477.0,0.495,0.48200000000000004,192.0,267.0,0.7190000000000001,167.0,349.0,516.0,192.0,43.0,13.0,100.0,89.0,676.0,Magic Johnson
377,1999-00,36.0,HOU,NBA,PF,20.0,18.0,620.0,106.0,222.0,0.47700000000000004,6.0,26.0,0.231,100.0,196.0,0.51,0.491,71.0,110.0,0.645,71.0,138.0,209.0,63.0,14.0,4.0,44.0,48.0,289.0,Magic Johnson
378,Career,,,NBA,,1073.0,1012.0,39330.0,8435.0,15605.0,0.541,538.0,2020.0,0.266,7897.0,13585.0,0.581,0.5579999999999999,6349.0,8643.0,0.735,4260.0,8286.0,12546.0,4215.0,1648.0,888.0,3376.0,3287.0,23757.0,Magic Johnson
379,,,,,,,,,,,,,,,,,,,,,,,,,,,,,,,Magic Johnson
380,8 seasons,,PHI,NBA,,610.0,582.0,22761.0,5025.0,8722.0,0.5760000000000001,214.0,888.0,0.24100000000000002,4811.0,7834.0,0.614,0.588,3920.0,5347.0,0.733,2688.0,4391.0,7079.0,2276.0,1007.0,606.0,2127.0,2045.0,14184.0,Magic Johnson
381,4 seasons,,PHO,NBA,,280.0,278.0,10171.0,2368.0,4723.0,0.501,238.0,792.0,0.301,2130.0,3931.0,0.542,0.527,1582.0,2107.0,0.7509999999999999,881.0,2351.0,3232.0,1219.0,444.0,212.0,807.0,765.0,6556.0,Magic Johnson
382,4 seasons,,HOU,NBA,,183.0,152.0,6398.0,1042.0,2160.0,0.48200000000000004,86.0,340.0,0.253,956.0,1820.0,0.525,0.502,847.0,1189.0,0.7120000000000001,691.0,1544.0,2235.0,720.0,197.0,70.0,442.0,477.0,3017.0,Magic Johnson
